"Name","MemberType","Electorate","State","Party","Category","SubCategory","Period","Date From","Date To","Location","Details","Nights","Rate","Amount","Date","Notes","Type"
"Bill Shorten","Member","Maribyrnong","Victoria","Australian Labor Party","Travelling Allowance","Parliamentary Travelling Allowance","From 1 January 2017","17 Jan 17","17 Jan 17","Perth","Leader of the Opposition - Official Business","1","442.00","442.00","17-Jan-2017","",""
"Bill Shorten","Member","Maribyrnong","Victoria","Australian Labor Party","Travelling Allowance","Parliamentary Travelling Allowance","From 1 January 2017","23 Jan 17","24 Jan 17","Brisbane","Leader of the Opposition - Official Business","2","434.00","868.00","23-Jan-2017","",""
"Bill Shorten","Member","Maribyrnong","Victoria","Australian Labor Party","Travelling Allowance","Parliamentary Travelling Allowance","From 1 January 2017","30 Jan 17","30 Jan 17","Canberra","Leader of the Opposition - Official Business","1","276.00","276.00","30-Jan-2017","",""
"Bill Shorten","Member","Maribyrnong","Victoria","Australian Labor Party","Travelling Allowance","Parliamentary Travelling Allowance","From 1 January 2017","2 Feb 17","2 Feb 17","Perth","Leader of the Opposition - Official Business","1","442.00","442.00","02-Feb-2017","",""
"Bill Shorten","Member","Maribyrnong","Victoria","Australian Labor Party","Travelling Allowance","Parliamentary Travelling Allowance","From 1 January 2017","5 Feb 17","8 Feb 17","Canberra","Sittings of Parliament","4","276.00","1,104.00","05-Feb-2017","",""
"Bill Shorten","Member","Maribyrnong","Victoria","Australian Labor Party","Travelling Allowance","Parliamentary Travelling Allowance","From 1 January 2017","12 Feb 17","15 Feb 17","Canberra","Sittings of Parliament","4","276.00","1,104.00","12-Feb-2017","",""
"Bill Shorten","Member","Maribyrnong","Victoria","Australian Labor Party","Travelling Allowance","Parliamentary Travelling Allowance","From 1 January 2017","18 Feb 17","18 Feb 17","Darwin","Leader of the Opposition - Official Business","1","464.00","464.00","18-Feb-2017","",""
"Bill Shorten","Member","Maribyrnong","Victoria","Australian Labor Party","Travelling Allowance","Parliamentary Travelling Allowance","From 1 January 2017","20 Feb 17","20 Feb 17","Brisbane","Leader of the Opposition - Official Business","1","434.00","434.00","20-Feb-2017","",""
"Bill Shorten","Member","Maribyrnong","Victoria","Australian Labor Party","Travelling Allowance","Parliamentary Travelling Allowance","From 1 January 2017","23 Feb 17","23 Feb 17","Sydney","Leader of the Opposition - Official Business","1","442.00","442.00","23-Feb-2017","",""
"Bill Shorten","Member","Maribyrnong","Victoria","Australian Labor Party","Travelling Allowance","Parliamentary Travelling Allowance","From 1 January 2017","27 Feb 17","2 Mar 17","Canberra","Sittings of Parliament","4","276.00","1,104.00","27-Feb-2017","",""
"Bill Shorten","Member","Maribyrnong","Victoria","Australian Labor Party","Travelling Allowance","Parliamentary Travelling Allowance","From 1 January 2017","10 Mar 17","10 Mar 17","Perth","Leader of the Opposition - Official Business","1","442.00","442.00","10-Mar-2017","",""
"Bill Shorten","Member","Maribyrnong","Victoria","Australian Labor Party","Travelling Allowance","Parliamentary Travelling Allowance","From 1 January 2017","14 Mar 17","14 Mar 17","Sydney","Leader of the Opposition - Official Business","1","442.00","442.00","14-Mar-2017","",""
"Bill Shorten","Member","Maribyrnong","Victoria","Australian Labor Party","Travelling Allowance","Parliamentary Travelling Allowance","From 1 January 2017","20 Mar 17","23 Mar 17","Canberra","Sittings of Parliament","4","276.00","1,104.00","20-Mar-2017","",""
"Bill Shorten","Member","Maribyrnong","Victoria","Australian Labor Party","Domestic Scheduled Fares","Fares","From 1 January 2017","","","","17 Jan 17 - Melbourne to Sydney","","","756.04","17-Jan-2017","",""
"Bill Shorten","Member","Maribyrnong","Victoria","Australian Labor Party","Domestic Scheduled Fares","Fares","From 1 January 2017","","","","17 Jan 17 - Sydney to Perth","","","2,071.52","17-Jan-2017","",""
"Bill Shorten","Member","Maribyrnong","Victoria","Australian Labor Party","Domestic Scheduled Fares","Fares","From 1 January 2017","","","","18 Jan 17 - Perth to Melbourne","","","1,817.95","18-Jan-2017","",""
"Bill Shorten","Member","Maribyrnong","Victoria","Australian Labor Party","Domestic Scheduled Fares","Fares","From 1 January 2017","","","","23 Jan 17 - Melbourne to Brisbane","","","1,023.41","23-Jan-2017","",""
"Bill Shorten","Member","Maribyrnong","Victoria","Australian Labor Party","Domestic Scheduled Fares","Fares","From 1 January 2017","","","","24 Jan 17 - Brisbane to Rockhampton","","","180.37","24-Jan-2017","",""
"Bill Shorten","Member","Maribyrnong","Victoria","Australian Labor Party","Domestic Scheduled Fares","Fares","From 1 January 2017","","","","24 Jan 17 - Rockhampton to Brisbane","","","180.37","24-Jan-2017","",""
"Bill Shorten","Member","Maribyrnong","Victoria","Australian Labor Party","Domestic Scheduled Fares","Fares","From 1 January 2017","","","","25 Jan 17 - Brisbane to Melbourne","","","1,023.41","25-Jan-2017","",""
"Bill Shorten","Member","Maribyrnong","Victoria","Australian Labor Party","Domestic Scheduled Fares","Fares","From 1 January 2017","","","","30 Jan 17 - Melbourne to Sydney","","","267.88","30-Jan-2017","",""
"Bill Shorten","Member","Maribyrnong","Victoria","Australian Labor Party","Domestic Scheduled Fares","Fares","From 1 January 2017","","","","30 Jan 17 - Sydney to Canberra","","","341.03","30-Jan-2017","",""
"Bill Shorten","Member","Maribyrnong","Victoria","Australian Labor Party","Domestic Scheduled Fares","Fares","From 1 January 2017","","","","31 Jan 17 - Canberra to Melbourne","","","637.91","31-Jan-2017","",""
"Bill Shorten","Member","Maribyrnong","Victoria","Australian Labor Party","Domestic Scheduled Fares","Fares","From 1 January 2017","","","","2 Feb 17 - Melbourne to Perth","","","1,817.95","02-Feb-2017","",""
"Bill Shorten","Member","Maribyrnong","Victoria","Australian Labor Party","Domestic Scheduled Fares","Fares","From 1 January 2017","","","","3 Feb 17 - Perth to Melbourne","","","1,817.95","03-Feb-2017","",""
"Bill Shorten","Member","Maribyrnong","Victoria","Australian Labor Party","Domestic Scheduled Fares","Fares","From 1 January 2017","","","","5 Feb 17 - Melbourne to Canberra","","","245.30","05-Feb-2017","",""
"Bill Shorten","Member","Maribyrnong","Victoria","Australian Labor Party","Domestic Scheduled Fares","Fares","From 1 January 2017","","","","9 Feb 17 - Canberra to Melbourne","","","716.51","09-Feb-2017","",""
"Bill Shorten","Member","Maribyrnong","Victoria","Australian Labor Party","Domestic Scheduled Fares","Fares","From 1 January 2017","","","","11 Feb 17 - Newcastle to Melbourne","","","45.45","11-Feb-2017","",""
"Bill Shorten","Member","Maribyrnong","Victoria","Australian Labor Party","Domestic Scheduled Fares","Fares","From 1 January 2017","","","","13 Feb 17 - Melbourne to Canberra","","","245.30","13-Feb-2017","",""
"Bill Shorten","Member","Maribyrnong","Victoria","Australian Labor Party","Domestic Scheduled Fares","Fares","From 1 January 2017","","","","16 Feb 17 - Canberra to Melbourne","","","637.91","16-Feb-2017","",""
"Bill Shorten","Member","Maribyrnong","Victoria","Australian Labor Party","Domestic Scheduled Fares","Fares","From 1 January 2017","","","","18 Feb 17 - Melbourne to Darwin","","","1,407.89","18-Feb-2017","",""
"Bill Shorten","Member","Maribyrnong","Victoria","Australian Labor Party","Domestic Scheduled Fares","Fares","From 1 January 2017","","","","19 Feb 17 - Darwin to Melbourne","","","1,407.89","19-Feb-2017","",""
"Bill Shorten","Member","Maribyrnong","Victoria","Australian Labor Party","Domestic Scheduled Fares","Fares","From 1 January 2017","","","","20 Feb 17 - Melbourne to Brisbane","","","1,023.41","20-Feb-2017","",""
"Bill Shorten","Member","Maribyrnong","Victoria","Australian Labor Party","Domestic Scheduled Fares","Fares","From 1 January 2017","","","","21 Feb 17 - Brisbane to Melbourne","","","1,023.41","21-Feb-2017","",""
"Bill Shorten","Member","Maribyrnong","Victoria","Australian Labor Party","Domestic Scheduled Fares","Fares","From 1 January 2017","","","","22 Feb 17 - Melbourne to Sydney","","","768.76","22-Feb-2017","",""
"Bill Shorten","Member","Maribyrnong","Victoria","Australian Labor Party","Domestic Scheduled Fares","Fares","From 1 January 2017","","","","22 Feb 17 - Sydney to Melbourne","","","768.76","22-Feb-2017","",""
"Bill Shorten","Member","Maribyrnong","Victoria","Australian Labor Party","Domestic Scheduled Fares","Fares","From 1 January 2017","","","","23 Feb 17 - Melbourne to Sydney","","","768.76","23-Feb-2017","",""
"Bill Shorten","Member","Maribyrnong","Victoria","Australian Labor Party","Domestic Scheduled Fares","Fares","From 1 January 2017","","","","24 Feb 17 - Sydney to Melbourne","","","768.76","24-Feb-2017","",""
"Bill Shorten","Member","Maribyrnong","Victoria","Australian Labor Party","Domestic Scheduled Fares","Fares","From 1 January 2017","","","","26 Feb 17 - Melbourne to Sydney","","","768.76","26-Feb-2017","",""
"Bill Shorten","Member","Maribyrnong","Victoria","Australian Labor Party","Domestic Scheduled Fares","Fares","From 1 January 2017","","","","26 Feb 17 - Sydney to Melbourne","","","768.76","26-Feb-2017","",""
"Bill Shorten","Member","Maribyrnong","Victoria","Australian Labor Party","Domestic Scheduled Fares","Fares","From 1 January 2017","","","","27 Feb 17 - Melbourne to Canberra","","","637.91","27-Feb-2017","",""
"Bill Shorten","Member","Maribyrnong","Victoria","Australian Labor Party","Domestic Scheduled Fares","Fares","From 1 January 2017","","","","3 Mar 17 - Canberra to Melbourne","","","637.91","03-Mar-2017","",""
"Bill Shorten","Member","Maribyrnong","Victoria","Australian Labor Party","Domestic Scheduled Fares","Fares","From 1 January 2017","","","","4 Mar 17 - Melbourne to Sydney","","","768.76","04-Mar-2017","",""
"Bill Shorten","Member","Maribyrnong","Victoria","Australian Labor Party","Domestic Scheduled Fares","Fares","From 1 January 2017","","","","5 Mar 17 - Sydney to Melbourne","","","768.76","05-Mar-2017","",""
"Bill Shorten","Member","Maribyrnong","Victoria","Australian Labor Party","Domestic Scheduled Fares","Fares","From 1 January 2017","","","","7 Mar 17 - Melbourne to Brisbane","","","914.01","07-Mar-2017","",""
"Bill Shorten","Member","Maribyrnong","Victoria","Australian Labor Party","Domestic Scheduled Fares","Fares","From 1 January 2017","","","","7 Mar 17 - Brisbane to Mackay","","","","07-Mar-2017","",""
"Bill Shorten","Member","Maribyrnong","Victoria","Australian Labor Party","Domestic Scheduled Fares","Fares","From 1 January 2017","","","","7 Mar 17 - Mackay to Brisbane","","","335.45","07-Mar-2017","",""
"Bill Shorten","Member","Maribyrnong","Victoria","Australian Labor Party","Domestic Scheduled Fares","Fares","From 1 January 2017","","","","7 Mar 17 - Brisbane to Melbourne","","","1,023.41","07-Mar-2017","",""
"Bill Shorten","Member","Maribyrnong","Victoria","Australian Labor Party","Domestic Scheduled Fares","Fares","From 1 January 2017","","","","9 Mar 17 - Melbourne to Adelaide","","","821.27","09-Mar-2017","",""
"Bill Shorten","Member","Maribyrnong","Victoria","Australian Labor Party","Domestic Scheduled Fares","Fares","From 1 January 2017","","","","9 Mar 17 - Adelaide to Melbourne","","","821.27","09-Mar-2017","",""
"Bill Shorten","Member","Maribyrnong","Victoria","Australian Labor Party","Domestic Scheduled Fares","Fares","From 1 January 2017","","","","10 Mar 17 - Melbourne to Perth","","","2,080.25","10-Mar-2017","",""
"Bill Shorten","Member","Maribyrnong","Victoria","Australian Labor Party","Domestic Scheduled Fares","Fares","From 1 January 2017","","","","11 Mar 17 - Perth to Melbourne","","","2,080.25","11-Mar-2017","",""
"Bill Shorten","Member","Maribyrnong","Victoria","Australian Labor Party","Domestic Scheduled Fares","Fares","From 1 January 2017","","","","14 Mar 17 - Melbourne to Sydney","","","768.76","14-Mar-2017","",""
"Bill Shorten","Member","Maribyrnong","Victoria","Australian Labor Party","Domestic Scheduled Fares","Fares","From 1 January 2017","","","","15 Mar 17 - Sydney to Melbourne","","","883.94","15-Mar-2017","",""
"Bill Shorten","Member","Maribyrnong","Victoria","Australian Labor Party","Domestic Scheduled Fares","Fares","From 1 January 2017","","","","16 Mar 17 - Melbourne to Hobart","","","640.54","16-Mar-2017","",""
"Bill Shorten","Member","Maribyrnong","Victoria","Australian Labor Party","Domestic Scheduled Fares","Fares","From 1 January 2017","","","","16 Mar 17 - Hobart to Melbourne","","","640.54","16-Mar-2017","",""
"Bill Shorten","Member","Maribyrnong","Victoria","Australian Labor Party","Domestic Scheduled Fares","Fares","From 1 January 2017","","","","17 Mar 17 - Melbourne to Canberra","","","637.91","17-Mar-2017","",""
"Bill Shorten","Member","Maribyrnong","Victoria","Australian Labor Party","Domestic Scheduled Fares","Fares","From 1 January 2017","","","","17 Mar 17 - Canberra to Melbourne","","","637.91","17-Mar-2017","",""
"Bill Shorten","Member","Maribyrnong","Victoria","Australian Labor Party","Domestic Scheduled Fares","Fares","From 1 January 2017","","","","20 Mar 17 - Melbourne to Canberra","","","637.91","20-Mar-2017","",""
"Bill Shorten","Member","Maribyrnong","Victoria","Australian Labor Party","Domestic Scheduled Fares","Fares","Before 1 January 2017","","","","8 Dec 16 - Melbourne to Sydney","","","756.04","08-Dec-2016","",""
"Bill Shorten","Member","Maribyrnong","Victoria","Australian Labor Party","Domestic Scheduled Fares","Fares","Before 1 January 2017","","","","9 Dec 16 - Sydney to Melbourne","","","756.04","09-Dec-2016","",""
"Bill Shorten","Member","Maribyrnong","Victoria","Australian Labor Party","Car Costs","Private-Plated Vehicle","From 1 January 2017","","","","Fuel 5 Jan to 21 Jan 17","","","158.08","21-Jan-2017","",""
"Bill Shorten","Member","Maribyrnong","Victoria","Australian Labor Party","Car Costs","Private-Plated Vehicle","From 1 January 2017","","","","Lease 8 Jan to 7 Feb 17","","","988.00","07-Feb-2017","",""
"Bill Shorten","Member","Maribyrnong","Victoria","Australian Labor Party","Car Costs","Private-Plated Vehicle","From 1 January 2017","","","","Additional maintenance 12 Jan 17","","","404.78","12-Jan-2017","",""
"Bill Shorten","Member","Maribyrnong","Victoria","Australian Labor Party","Car Costs","Private-Plated Vehicle","From 1 January 2017","","","","Lease 8 Feb to 7 Mar 17","","","988.00","07-Mar-2017","",""
"Bill Shorten","Member","Maribyrnong","Victoria","Australian Labor Party","Car Costs","Private-Plated Vehicle","From 1 January 2017","","","","Fuel 23 Feb 17","","","28.53","23-Feb-2017","",""
"Bill Shorten","Member","Maribyrnong","Victoria","Australian Labor Party","Car Costs","Private-Plated Vehicle","Before 1 January 2017","","","","Reimbursement of accident excess 22 Nov 15","","","-500.00","22-Nov-2015","",""
"Bill Shorten","Member","Maribyrnong","Victoria","Australian Labor Party","Car Costs","Private-Plated Vehicle","Before 1 January 2017","","","","Lease 8 Dec 16 to 7 Jan 17","","","988.00","08-Dec-2016","",""
"Bill Shorten","Member","Maribyrnong","Victoria","Australian Labor Party","Car Costs","Private-Plated Vehicle","Before 1 January 2017","","","","Fuel 10 Dec 16","","","79.47","10-Dec-2016","",""
"Bill Shorten","Member","Maribyrnong","Victoria","Australian Labor Party","Car Costs","COMCAR","From 1 January 2017","","","","16 Jan 17 - Melbourne","","","261.60","16-Jan-2017","",""
"Bill Shorten","Member","Maribyrnong","Victoria","Australian Labor Party","Car Costs","COMCAR","From 1 January 2017","","","","16 Jan 17 - Melbourne","","","65.50","16-Jan-2017","",""
"Bill Shorten","Member","Maribyrnong","Victoria","Australian Labor Party","Car Costs","COMCAR","From 1 January 2017","","","","17 Jan 17 - Melbourne","","","52.40","17-Jan-2017","",""
"Bill Shorten","Member","Maribyrnong","Victoria","Australian Labor Party","Car Costs","COMCAR","From 1 January 2017","","","","17 Jan 17 - Sydney","","","167.20","17-Jan-2017","",""
"Bill Shorten","Member","Maribyrnong","Victoria","Australian Labor Party","Car Costs","COMCAR","From 1 January 2017","","","","17 Jan 17 - Sydney","","","120.63","17-Jan-2017","",""
"Bill Shorten","Member","Maribyrnong","Victoria","Australian Labor Party","Car Costs","COMCAR","From 1 January 2017","","","","17 Jan 17 - Perth","","","40.00","17-Jan-2017","",""
"Bill Shorten","Member","Maribyrnong","Victoria","Australian Labor Party","Car Costs","COMCAR","From 1 January 2017","","","","18 Jan 17 - Perth","","","711.33","18-Jan-2017","",""
"Bill Shorten","Member","Maribyrnong","Victoria","Australian Labor Party","Car Costs","COMCAR","From 1 January 2017","","","","18 Jan 17 - Melbourne","","","42.00","18-Jan-2017","",""
"Bill Shorten","Member","Maribyrnong","Victoria","Australian Labor Party","Car Costs","COMCAR","From 1 January 2017","","","","19 Jan 17 - Melbourne","","","253.38","19-Jan-2017","",""
"Bill Shorten","Member","Maribyrnong","Victoria","Australian Labor Party","Car Costs","COMCAR","From 1 January 2017","","","","19 Jan 17 - Melbourne","","","72.05","19-Jan-2017","",""
"Bill Shorten","Member","Maribyrnong","Victoria","Australian Labor Party","Car Costs","COMCAR","From 1 January 2017","","","","20 Jan 17 - Melbourne","","","85.15","20-Jan-2017","",""
"Bill Shorten","Member","Maribyrnong","Victoria","Australian Labor Party","Car Costs","COMCAR","From 1 January 2017","","","","20 Jan 17 - Melbourne","","","217.46","20-Jan-2017","",""
"Bill Shorten","Member","Maribyrnong","Victoria","Australian Labor Party","Car Costs","COMCAR","From 1 January 2017","","","","22 Jan 17 - Melbourne","","","117.48","22-Jan-2017","",""
"Bill Shorten","Member","Maribyrnong","Victoria","Australian Labor Party","Car Costs","COMCAR","From 1 January 2017","","","","23 Jan 17 - Melbourne","","","113.29","23-Jan-2017","",""
"Bill Shorten","Member","Maribyrnong","Victoria","Australian Labor Party","Car Costs","COMCAR","From 1 January 2017","","","","23 Jan 17 - Melbourne","","","211.38","23-Jan-2017","",""
"Bill Shorten","Member","Maribyrnong","Victoria","Australian Labor Party","Car Costs","COMCAR","From 1 January 2017","","","","23 Jan 17 - Brisbane","","","51.00","23-Jan-2017","",""
"Bill Shorten","Member","Maribyrnong","Victoria","Australian Labor Party","Car Costs","COMCAR","From 1 January 2017","","","","24 Jan 17 - Brisbane","","","104.91","24-Jan-2017","",""
"Bill Shorten","Member","Maribyrnong","Victoria","Australian Labor Party","Car Costs","COMCAR","From 1 January 2017","","","","24 Jan 17 - Brisbane","","","511.57","24-Jan-2017","",""
"Bill Shorten","Member","Maribyrnong","Victoria","Australian Labor Party","Car Costs","COMCAR","From 1 January 2017","","","","24 Jan 17 - Brisbane","","","153.90","24-Jan-2017","",""
"Bill Shorten","Member","Maribyrnong","Victoria","Australian Labor Party","Car Costs","COMCAR","From 1 January 2017","","","","25 Jan 17 - Brisbane","","","296.06","25-Jan-2017","",""
"Bill Shorten","Member","Maribyrnong","Victoria","Australian Labor Party","Car Costs","COMCAR","From 1 January 2017","","","","25 Jan 17 - Melbourne","","","92.39","25-Jan-2017","",""
"Bill Shorten","Member","Maribyrnong","Victoria","Australian Labor Party","Car Costs","COMCAR","From 1 January 2017","","","","25 Jan 17 - Melbourne","","","279.03","25-Jan-2017","",""
"Bill Shorten","Member","Maribyrnong","Victoria","Australian Labor Party","Car Costs","COMCAR","From 1 January 2017","","","","26 Jan 17 - Melbourne","","","408.72","26-Jan-2017","",""
"Bill Shorten","Member","Maribyrnong","Victoria","Australian Labor Party","Car Costs","COMCAR","From 1 January 2017","","","","27 Jan 17 - Melbourne","","","149.34","27-Jan-2017","",""
"Bill Shorten","Member","Maribyrnong","Victoria","Australian Labor Party","Car Costs","COMCAR","From 1 January 2017","","","","27 Jan 17 - Melbourne","","","208.40","27-Jan-2017","",""
"Bill Shorten","Member","Maribyrnong","Victoria","Australian Labor Party","Car Costs","COMCAR","From 1 January 2017","","","","28 Jan 17 - Melbourne","","","188.80","28-Jan-2017","",""
"Bill Shorten","Member","Maribyrnong","Victoria","Australian Labor Party","Car Costs","COMCAR","From 1 January 2017","","","","29 Jan 17 - Melbourne","","","385.88","29-Jan-2017","",""
"Bill Shorten","Member","Maribyrnong","Victoria","Australian Labor Party","Car Costs","COMCAR","From 1 January 2017","","","","30 Jan 17 - Melbourne","","","40.00","30-Jan-2017","",""
"Bill Shorten","Member","Maribyrnong","Victoria","Australian Labor Party","Car Costs","COMCAR","From 1 January 2017","","","","30 Jan 17 - Melbourne","","","61.57","30-Jan-2017","",""
"Bill Shorten","Member","Maribyrnong","Victoria","Australian Labor Party","Car Costs","COMCAR","From 1 January 2017","","","","30 Jan 17 - Sydney","","","50.00","30-Jan-2017","",""
"Bill Shorten","Member","Maribyrnong","Victoria","Australian Labor Party","Car Costs","COMCAR","From 1 January 2017","","","","30 Jan 17 - Sydney","","","106.22","30-Jan-2017","",""
"Bill Shorten","Member","Maribyrnong","Victoria","Australian Labor Party","Car Costs","COMCAR","From 1 January 2017","","","","30 Jan 17 - Canberra","","","66.80","30-Jan-2017","",""
"Bill Shorten","Member","Maribyrnong","Victoria","Australian Labor Party","Car Costs","COMCAR","From 1 January 2017","","","","31 Jan 17 - Canberra","","","48.47","31-Jan-2017","",""
"Bill Shorten","Member","Maribyrnong","Victoria","Australian Labor Party","Car Costs","COMCAR","From 1 January 2017","","","","31 Jan 17 - Canberra","","","145.41","31-Jan-2017","",""
"Bill Shorten","Member","Maribyrnong","Victoria","Australian Labor Party","Car Costs","COMCAR","From 1 January 2017","","","","31 Jan 17 - Melbourne","","","42.00","31-Jan-2017","",""
"Bill Shorten","Member","Maribyrnong","Victoria","Australian Labor Party","Car Costs","COMCAR","From 1 January 2017","","","","2 Feb 17 - Melbourne","","","70.74","02-Feb-2017","",""
"Bill Shorten","Member","Maribyrnong","Victoria","Australian Labor Party","Car Costs","COMCAR","From 1 January 2017","","","","2 Feb 17 - Perth","","","247.70","02-Feb-2017","",""
"Bill Shorten","Member","Maribyrnong","Victoria","Australian Labor Party","Car Costs","COMCAR","From 1 January 2017","","","","2 Feb 17 - Perth","","","89.19","02-Feb-2017","",""
"Bill Shorten","Member","Maribyrnong","Victoria","Australian Labor Party","Car Costs","COMCAR","From 1 January 2017","","","","2 Feb 17 - Perth","","","431.10","02-Feb-2017","",""
"Bill Shorten","Member","Maribyrnong","Victoria","Australian Labor Party","Car Costs","COMCAR","From 1 January 2017","","","","3 Feb 17 - Perth","","","166.48","03-Feb-2017","",""
"Bill Shorten","Member","Maribyrnong","Victoria","Australian Labor Party","Car Costs","COMCAR","From 1 January 2017","","","","3 Feb 17 - Melbourne","","","62.26","03-Feb-2017","",""
"Bill Shorten","Member","Maribyrnong","Victoria","Australian Labor Party","Car Costs","COMCAR","From 1 January 2017","","","","4 Feb 17 - Melbourne","","","452.94","04-Feb-2017","",""
"Bill Shorten","Member","Maribyrnong","Victoria","Australian Labor Party","Car Costs","COMCAR","From 1 January 2017","","","","5 Feb 17 - Melbourne","","","103.49","05-Feb-2017","",""
"Bill Shorten","Member","Maribyrnong","Victoria","Australian Labor Party","Car Costs","COMCAR","From 1 January 2017","","","","6 Feb 17 - Canberra","","","131.00","06-Feb-2017","",""
"Bill Shorten","Member","Maribyrnong","Victoria","Australian Labor Party","Car Costs","COMCAR","From 1 January 2017","","","","9 Feb 17 - Canberra","","","137.55","09-Feb-2017","",""
"Bill Shorten","Member","Maribyrnong","Victoria","Australian Labor Party","Car Costs","COMCAR","From 1 January 2017","","","","9 Feb 17 - Melbourne","","","42.00","09-Feb-2017","",""
"Bill Shorten","Member","Maribyrnong","Victoria","Australian Labor Party","Car Costs","COMCAR","From 1 January 2017","","","","11 Feb 17 - Melbourne","","","260.80","11-Feb-2017","",""
"Bill Shorten","Member","Maribyrnong","Victoria","Australian Labor Party","Car Costs","COMCAR","From 1 January 2017","","","","12 Feb 17 - Melbourne","","","78.60","12-Feb-2017","",""
"Bill Shorten","Member","Maribyrnong","Victoria","Australian Labor Party","Car Costs","COMCAR","From 1 January 2017","","","","15 Feb 17 - Canberra","","","157.20","15-Feb-2017","",""
"Bill Shorten","Member","Maribyrnong","Victoria","Australian Labor Party","Car Costs","COMCAR","From 1 January 2017","","","","15 Feb 17 - Canberra","","","78.60","15-Feb-2017","",""
"Bill Shorten","Member","Maribyrnong","Victoria","Australian Labor Party","Car Costs","COMCAR","From 1 January 2017","","","","16 Feb 17 - Melbourne","","","42.61","16-Feb-2017","",""
"Bill Shorten","Member","Maribyrnong","Victoria","Australian Labor Party","Car Costs","COMCAR","From 1 January 2017","","","","18 Feb 17 - Melbourne","","","78.60","18-Feb-2017","",""
"Bill Shorten","Member","Maribyrnong","Victoria","Australian Labor Party","Car Costs","COMCAR","From 1 January 2017","","","","18 Feb 17 - Darwin","","","117.90","18-Feb-2017","",""
"Bill Shorten","Member","Maribyrnong","Victoria","Australian Labor Party","Car Costs","COMCAR","From 1 January 2017","","","","18 Feb 17 - Darwin","","","275.10","18-Feb-2017","",""
"Bill Shorten","Member","Maribyrnong","Victoria","Australian Labor Party","Car Costs","COMCAR","From 1 January 2017","","","","19 Feb 17 - Darwin","","","294.75","19-Feb-2017","",""
"Bill Shorten","Member","Maribyrnong","Victoria","Australian Labor Party","Car Costs","COMCAR","From 1 January 2017","","","","19 Feb 17 - Darwin","","","78.60","19-Feb-2017","",""
"Bill Shorten","Member","Maribyrnong","Victoria","Australian Labor Party","Car Costs","COMCAR","From 1 January 2017","","","","19 Feb 17 - Melbourne","","","80.60","19-Feb-2017","",""
"Bill Shorten","Member","Maribyrnong","Victoria","Australian Labor Party","Car Costs","COMCAR","From 1 January 2017","","","","20 Feb 17 - Melbourne","","","62.88","20-Feb-2017","",""
"Bill Shorten","Member","Maribyrnong","Victoria","Australian Labor Party","Car Costs","COMCAR","From 1 January 2017","","","","20 Feb 17 - Brisbane","","","245.15","20-Feb-2017","",""
"Bill Shorten","Member","Maribyrnong","Victoria","Australian Labor Party","Car Costs","COMCAR","From 1 January 2017","","","","20 Feb 17 - Brisbane","","","108.73","20-Feb-2017","",""
"Bill Shorten","Member","Maribyrnong","Victoria","Australian Labor Party","Car Costs","COMCAR","From 1 January 2017","","","","21 Feb 17 - Brisbane","","","178.58","21-Feb-2017","",""
"Bill Shorten","Member","Maribyrnong","Victoria","Australian Labor Party","Car Costs","COMCAR","From 1 January 2017","","","","21 Feb 17 - Melbourne","","","126.45","21-Feb-2017","",""
"Bill Shorten","Member","Maribyrnong","Victoria","Australian Labor Party","Car Costs","COMCAR","From 1 January 2017","","","","22 Feb 17 - Melbourne","","","55.02","22-Feb-2017","",""
"Bill Shorten","Member","Maribyrnong","Victoria","Australian Labor Party","Car Costs","COMCAR","From 1 January 2017","","","","22 Feb 17 - Sydney","","","217.95","22-Feb-2017","",""
"Bill Shorten","Member","Maribyrnong","Victoria","Australian Labor Party","Car Costs","COMCAR","From 1 January 2017","","","","22 Feb 17 - Melbourne","","","42.00","22-Feb-2017","",""
"Bill Shorten","Member","Maribyrnong","Victoria","Australian Labor Party","Car Costs","COMCAR","From 1 January 2017","","","","23 Feb 17 - Melbourne","","","51.09","23-Feb-2017","",""
"Bill Shorten","Member","Maribyrnong","Victoria","Australian Labor Party","Car Costs","COMCAR","From 1 January 2017","","","","23 Feb 17 - Sydney","","","50.00","23-Feb-2017","",""
"Bill Shorten","Member","Maribyrnong","Victoria","Australian Labor Party","Car Costs","COMCAR","From 1 January 2017","","","","23 Feb 17 - Sydney","","","40.00","23-Feb-2017","",""
"Bill Shorten","Member","Maribyrnong","Victoria","Australian Labor Party","Car Costs","COMCAR","From 1 January 2017","","","","23 Feb 17 - Sydney","","","44.54","23-Feb-2017","",""
"Bill Shorten","Member","Maribyrnong","Victoria","Australian Labor Party","Car Costs","COMCAR","From 1 January 2017","","","","23 Feb 17 - Sydney","","","41.92","23-Feb-2017","",""
"Bill Shorten","Member","Maribyrnong","Victoria","Australian Labor Party","Car Costs","COMCAR","From 1 January 2017","","","","24 Feb 17 - Sydney","","","40.00","24-Feb-2017","",""
"Bill Shorten","Member","Maribyrnong","Victoria","Australian Labor Party","Car Costs","COMCAR","From 1 January 2017","","","","24 Feb 17 - Sydney","","","262.00","24-Feb-2017","",""
"Bill Shorten","Member","Maribyrnong","Victoria","Australian Labor Party","Car Costs","COMCAR","From 1 January 2017","","","","24 Feb 17 - Melbourne","","","58.33","24-Feb-2017","",""
"Bill Shorten","Member","Maribyrnong","Victoria","Australian Labor Party","Car Costs","COMCAR","From 1 January 2017","","","","26 Feb 17 - Melbourne","","","124.45","26-Feb-2017","",""
"Bill Shorten","Member","Maribyrnong","Victoria","Australian Labor Party","Car Costs","COMCAR","From 1 January 2017","","","","26 Feb 17 - Sydney","","","307.45","26-Feb-2017","",""
"Bill Shorten","Member","Maribyrnong","Victoria","Australian Labor Party","Car Costs","COMCAR","From 1 January 2017","","","","26 Feb 17 - Melbourne","","","80.60","26-Feb-2017","",""
"Bill Shorten","Member","Maribyrnong","Victoria","Australian Labor Party","Car Costs","COMCAR","From 1 January 2017","","","","27 Feb 17 - Melbourne","","","66.80","27-Feb-2017","",""
"Bill Shorten","Member","Maribyrnong","Victoria","Australian Labor Party","Car Costs","COMCAR","From 1 January 2017","","","","27 Feb 17 - Canberra","","","40.00","27-Feb-2017","",""
"Bill Shorten","Member","Maribyrnong","Victoria","Australian Labor Party","Car Costs","COMCAR","From 1 January 2017","","","","27 Feb 17 - Brisbane","","","235.00","27-Feb-2017","",""
"Bill Shorten","Member","Maribyrnong","Victoria","Australian Labor Party","Car Costs","COMCAR","From 1 January 2017","","","","27 Feb 17 - Canberra","","","40.00","27-Feb-2017","",""
"Bill Shorten","Member","Maribyrnong","Victoria","Australian Labor Party","Car Costs","COMCAR","From 1 January 2017","","","","2 Mar 17 - Canberra","","","150.65","02-Mar-2017","",""
"Bill Shorten","Member","Maribyrnong","Victoria","Australian Labor Party","Car Costs","COMCAR","From 1 January 2017","","","","2 Mar 17 - Canberra","","","222.70","02-Mar-2017","",""
"Bill Shorten","Member","Maribyrnong","Victoria","Australian Labor Party","Car Costs","COMCAR","From 1 January 2017","","","","3 Mar 17 - Canberra","","","40.00","03-Mar-2017","",""
"Bill Shorten","Member","Maribyrnong","Victoria","Australian Labor Party","Car Costs","COMCAR","From 1 January 2017","","","","3 Mar 17 - Canberra","","","40.00","03-Mar-2017","",""
"Bill Shorten","Member","Maribyrnong","Victoria","Australian Labor Party","Car Costs","COMCAR","From 1 January 2017","","","","3 Mar 17 - Melbourne","","","42.00","03-Mar-2017","",""
"Bill Shorten","Member","Maribyrnong","Victoria","Australian Labor Party","Car Costs","COMCAR","From 1 January 2017","","","","4 Mar 17 - Melbourne","","","103.60","04-Mar-2017","",""
"Bill Shorten","Member","Maribyrnong","Victoria","Australian Labor Party","Car Costs","COMCAR","From 1 January 2017","","","","4 Mar 17 - Sydney","","","549.00","04-Mar-2017","",""
"Bill Shorten","Member","Maribyrnong","Victoria","Australian Labor Party","Car Costs","COMCAR","From 1 January 2017","","","","5 Mar 17 - Sydney","","","103.60","05-Mar-2017","",""
"Bill Shorten","Member","Maribyrnong","Victoria","Australian Labor Party","Car Costs","COMCAR","From 1 January 2017","","","","5 Mar 17 - Melbourne","","","105.60","05-Mar-2017","",""
"Bill Shorten","Member","Maribyrnong","Victoria","Australian Labor Party","Car Costs","COMCAR","From 1 January 2017","","","","7 Mar 17 - Melbourne","","","40.00","07-Mar-2017","",""
"Bill Shorten","Member","Maribyrnong","Victoria","Australian Labor Party","Car Costs","COMCAR","From 1 January 2017","","","","7 Mar 17 - Melbourne","","","42.00","07-Mar-2017","",""
"Bill Shorten","Member","Maribyrnong","Victoria","Australian Labor Party","Car Costs","COMCAR","From 1 January 2017","","","","8 Mar 17 - Melbourne","","","256.76","08-Mar-2017","",""
"Bill Shorten","Member","Maribyrnong","Victoria","Australian Labor Party","Car Costs","COMCAR","From 1 January 2017","","","","9 Mar 17 - Melbourne","","","61.57","09-Mar-2017","",""
"Bill Shorten","Member","Maribyrnong","Victoria","Australian Labor Party","Car Costs","COMCAR","From 1 January 2017","","","","9 Mar 17 - Adelaide","","","278.21","09-Mar-2017","",""
"Bill Shorten","Member","Maribyrnong","Victoria","Australian Labor Party","Car Costs","COMCAR","From 1 January 2017","","","","9 Mar 17 - Melbourne","","","55.71","09-Mar-2017","",""
"Bill Shorten","Member","Maribyrnong","Victoria","Australian Labor Party","Car Costs","COMCAR","From 1 January 2017","","","","10 Mar 17 - Melbourne","","","409.27","10-Mar-2017","",""
"Bill Shorten","Member","Maribyrnong","Victoria","Australian Labor Party","Car Costs","COMCAR","From 1 January 2017","","","","10 Mar 17 - Perth","","","259.60","10-Mar-2017","",""
"Bill Shorten","Member","Maribyrnong","Victoria","Australian Labor Party","Car Costs","COMCAR","From 1 January 2017","","","","11 Mar 17 - Perth","","","343.44","11-Mar-2017","",""
"Bill Shorten","Member","Maribyrnong","Victoria","Australian Labor Party","Car Costs","COMCAR","From 1 January 2017","","","","11 Mar 17 - Melbourne","","","105.60","11-Mar-2017","",""
"Bill Shorten","Member","Maribyrnong","Victoria","Australian Labor Party","Car Costs","COMCAR","From 1 January 2017","","","","13 Mar 17 - Melbourne","","","137.55","13-Mar-2017","",""
"Bill Shorten","Member","Maribyrnong","Victoria","Australian Labor Party","Car Costs","COMCAR","From 1 January 2017","","","","14 Mar 17 - Melbourne","","","286.47","14-Mar-2017","",""
"Bill Shorten","Member","Maribyrnong","Victoria","Australian Labor Party","Car Costs","COMCAR","From 1 January 2017","","","","14 Mar 17 - Melbourne","","","144.10","14-Mar-2017","",""
"Bill Shorten","Member","Maribyrnong","Victoria","Australian Labor Party","Car Costs","COMCAR","From 1 January 2017","","","","14 Mar 17 - Sydney","","","50.00","14-Mar-2017","",""
"Bill Shorten","Member","Maribyrnong","Victoria","Australian Labor Party","Car Costs","COMCAR","From 1 January 2017","","","","15 Mar 17 - Sydney","","","51.09","15-Mar-2017","",""
"Bill Shorten","Member","Maribyrnong","Victoria","Australian Labor Party","Car Costs","COMCAR","From 1 January 2017","","","","15 Mar 17 - Melbourne","","","146.99","15-Mar-2017","",""
"Bill Shorten","Member","Maribyrnong","Victoria","Australian Labor Party","Car Costs","COMCAR","From 1 January 2017","","","","15 Mar 17 - Melbourne","","","68.12","15-Mar-2017","",""
"Bill Shorten","Member","Maribyrnong","Victoria","Australian Labor Party","Car Costs","COMCAR","From 1 January 2017","","","","15 Mar 17 - Melbourne","","","81.22","15-Mar-2017","",""
"Bill Shorten","Member","Maribyrnong","Victoria","Australian Labor Party","Car Costs","COMCAR","From 1 January 2017","","","","15 Mar 17 - Melbourne","","","138.86","15-Mar-2017","",""
"Bill Shorten","Member","Maribyrnong","Victoria","Australian Labor Party","Car Costs","COMCAR","From 1 January 2017","","","","16 Mar 17 - Melbourne","","","61.57","16-Mar-2017","",""
"Bill Shorten","Member","Maribyrnong","Victoria","Australian Labor Party","Car Costs","COMCAR","From 1 January 2017","","","","16 Mar 17 - Melbourne","","","42.00","16-Mar-2017","",""
"Bill Shorten","Member","Maribyrnong","Victoria","Australian Labor Party","Car Costs","COMCAR","From 1 January 2017","","","","16 Mar 17 - Melbourne","","","210.91","16-Mar-2017","",""
"Bill Shorten","Member","Maribyrnong","Victoria","Australian Labor Party","Car Costs","COMCAR","From 1 January 2017","","","","17 Mar 17 - Melbourne","","","40.00","17-Mar-2017","",""
"Bill Shorten","Member","Maribyrnong","Victoria","Australian Labor Party","Car Costs","COMCAR","From 1 January 2017","","","","17 Mar 17 - Canberra","","","210.20","17-Mar-2017","",""
"Bill Shorten","Member","Maribyrnong","Victoria","Australian Labor Party","Car Costs","COMCAR","From 1 January 2017","","","","17 Mar 17 - Canberra","","","197.81","17-Mar-2017","",""
"Bill Shorten","Member","Maribyrnong","Victoria","Australian Labor Party","Car Costs","COMCAR","From 1 January 2017","","","","17 Mar 17 - Canberra","","","40.00","17-Mar-2017","",""
"Bill Shorten","Member","Maribyrnong","Victoria","Australian Labor Party","Car Costs","COMCAR","From 1 January 2017","","","","17 Mar 17 - Melbourne","","","67.50","17-Mar-2017","",""
"Bill Shorten","Member","Maribyrnong","Victoria","Australian Labor Party","Car Costs","COMCAR","From 1 January 2017","","","","18 Mar 17 - Melbourne","","","292.87","18-Mar-2017","",""
"Bill Shorten","Member","Maribyrnong","Victoria","Australian Labor Party","Car Costs","COMCAR","From 1 January 2017","","","","19 Mar 17 - Melbourne","","","201.85","19-Mar-2017","",""
"Bill Shorten","Member","Maribyrnong","Victoria","Australian Labor Party","Car Costs","COMCAR","From 1 January 2017","","","","20 Mar 17 - Melbourne","","","41.92","20-Mar-2017","",""
"Bill Shorten","Member","Maribyrnong","Victoria","Australian Labor Party","Car Costs","COMCAR","From 1 January 2017","","","","22 Mar 17 - Canberra","","","47.16","22-Mar-2017","",""
"Bill Shorten","Member","Maribyrnong","Victoria","Australian Labor Party","Car Costs","COMCAR","From 1 January 2017","","","","23 Mar 17 - Canberra","","","182.09","23-Mar-2017","",""
"Bill Shorten","Member","Maribyrnong","Victoria","Australian Labor Party","Car Costs","COMCAR","From 1 January 2017","","","","24 Mar 17 - Canberra","","","98.25","24-Mar-2017","",""
"Bill Shorten","Member","Maribyrnong","Victoria","Australian Labor Party","Car Costs","COMCAR","From 1 January 2017","","","","24 Mar 17 - Melbourne","","","42.00","24-Mar-2017","",""
"Bill Shorten","Member","Maribyrnong","Victoria","Australian Labor Party","Car Costs","COMCAR","From 1 January 2017","","","","26 Mar 17 - Melbourne","","","121.83","26-Mar-2017","",""
"Bill Shorten","Member","Maribyrnong","Victoria","Australian Labor Party","Car Costs","COMCAR","From 1 January 2017","","","","26 Mar 17 - Sydney","","","226.15","26-Mar-2017","",""
"Bill Shorten","Member","Maribyrnong","Victoria","Australian Labor Party","Car Costs","COMCAR","From 1 January 2017","","","","26 Mar 17 - Melbourne","","","80.60","26-Mar-2017","",""
"Bill Shorten","Member","Maribyrnong","Victoria","Australian Labor Party","Car Costs","COMCAR","From 1 January 2017","","","","27 Mar 17 - Melbourne","","","55.02","27-Mar-2017","",""
"Bill Shorten","Member","Maribyrnong","Victoria","Australian Labor Party","Car Costs","COMCAR","From 1 January 2017","","","","27 Mar 17 - Canberra","","","150.65","27-Mar-2017","",""
"Bill Shorten","Member","Maribyrnong","Victoria","Australian Labor Party","Car Costs","COMCAR","From 1 January 2017","","","","29 Mar 17 - Canberra","","","113.97","29-Mar-2017","",""
"Bill Shorten","Member","Maribyrnong","Victoria","Australian Labor Party","Car Costs","COMCAR","From 1 January 2017","","","","30 Mar 17 - Canberra","","","45.85","30-Mar-2017","",""
"Bill Shorten","Member","Maribyrnong","Victoria","Australian Labor Party","Car Costs","COMCAR","From 1 January 2017","","","","30 Mar 17 - Canberra","","","60.26","30-Mar-2017","",""
"Bill Shorten","Member","Maribyrnong","Victoria","Australian Labor Party","Car Costs","COMCAR","From 1 January 2017","","","","30 Mar 17 - Canberra","","","65.00","30-Mar-2017","",""
"Bill Shorten","Member","Maribyrnong","Victoria","Australian Labor Party","Car Costs","COMCAR","Before 1 January 2017","","","","2 Nov 16 - Brisbane","","","700.00","02-Nov-2016","",""
"Bill Shorten","Member","Maribyrnong","Victoria","Australian Labor Party","Office Facilities","Office Facilities","From 1 January 2017","","","","Aggregated Total","","","75,923.77","01-Jan-1900","",""
"Bill Shorten","Member","Maribyrnong","Victoria","Australian Labor Party","Office Facilities","Office Facilities","Before 1 January 2017","","","","Aggregated Total","","","1,394.87","01-Jan-1900","",""
"Bill Shorten","Member","Maribyrnong","Victoria","Australian Labor Party","Office Administrative Costs","Office Consumables and Services","From 1 January 2017","","","","Office requisites and stationery 1 Jan to 31 Jan 17","","","8.44","31-Jan-2017","",""
"Bill Shorten","Member","Maribyrnong","Victoria","Australian Labor Party","Office Administrative Costs","Office Consumables and Services","From 1 January 2017","","","","MFD Colour copy charge 28 Jan to 27 Feb 17","","","31.88","27-Feb-2017","",""
"Bill Shorten","Member","Maribyrnong","Victoria","Australian Labor Party","Office Administrative Costs","Office Consumables and Services","From 1 January 2017","","","","MFD Colour copy charge 28 Jan to 27 Feb 17","","","89.33","27-Feb-2017","",""
"Bill Shorten","Member","Maribyrnong","Victoria","Australian Labor Party","Office Administrative Costs","Office Consumables and Services","From 1 January 2017","","","","MFD Monochrome copy charge 28 Jan to 27 Feb 17","","","10.91","27-Feb-2017","",""
"Bill Shorten","Member","Maribyrnong","Victoria","Australian Labor Party","Office Administrative Costs","Office Consumables and Services","From 1 January 2017","","","","MFD Monochrome copy charge 28 Jan to 27 Feb 17","","","51.73","27-Feb-2017","",""
"Bill Shorten","Member","Maribyrnong","Victoria","Australian Labor Party","Office Administrative Costs","Office Consumables and Services","From 1 January 2017","","","","Office requisites and stationery 1 Feb to 28 Feb 17","","","656.57","28-Feb-2017","",""
"Bill Shorten","Member","Maribyrnong","Victoria","Australian Labor Party","Office Administrative Costs","Office Consumables and Services","From 1 January 2017","","","","Wreath for Last Post Ceremony 6 Feb 16","","","122.73","06-Feb-2016","",""
"Bill Shorten","Member","Maribyrnong","Victoria","Australian Labor Party","Office Administrative Costs","Office Consumables and Services","From 1 January 2017","","","","Wreath for Bangka Day Memorial Service 11 Feb 17","","","84.55","11-Feb-2017","",""
"Bill Shorten","Member","Maribyrnong","Victoria","Australian Labor Party","Office Administrative Costs","Office Consumables and Services","From 1 January 2017","","","","Office requisites and stationery 17 Feb 17","","","75.52","17-Feb-2017","",""
"Bill Shorten","Member","Maribyrnong","Victoria","Australian Labor Party","Office Administrative Costs","Office Consumables and Services","From 1 January 2017","","","","Wreaths for Bombing of Darwin Service 21 Feb 17","","","218.18","21-Feb-2017","",""
"Bill Shorten","Member","Maribyrnong","Victoria","Australian Labor Party","Office Administrative Costs","Office Consumables and Services","From 1 January 2017","","","","Wreath for RAAF 96 Birthday Celebration 22 Mar 17","","","136.32","22-Mar-2017","",""
"Bill Shorten","Member","Maribyrnong","Victoria","Australian Labor Party","Office Administrative Costs","Office Consumables and Services","From 1 January 2017","","","","Wreath for Greek Independence Day 26 Mar 17","","","156.32","26-Mar-2017","",""
"Bill Shorten","Member","Maribyrnong","Victoria","Australian Labor Party","Office Administrative Costs","Office Consumables and Services","Before 1 January 2017","","","","Wreath for Remembrance Day 11 Nov 16","","","90.91","11-Nov-2016","",""
"Bill Shorten","Member","Maribyrnong","Victoria","Australian Labor Party","Office Administrative Costs","Office Consumables and Services","Before 1 January 2017","","","","MFD Monochrome copy charge 28 Nov 16 to 27 Jan 17","","","2.69","28-Nov-2016","",""
"Bill Shorten","Member","Maribyrnong","Victoria","Australian Labor Party","Office Administrative Costs","Office Consumables and Services","Before 1 January 2017","","","","MFD Colour copy charge 28 Nov 16 to 27 Jan 17","","","59.54","28-Nov-2016","",""
"Bill Shorten","Member","Maribyrnong","Victoria","Australian Labor Party","Office Administrative Costs","Office Consumables and Services","Before 1 January 2017","","","","MFD Monochrome copy charge 28 Nov to 27 Dec 16","","","66.10","27-Dec-2016","",""
"Bill Shorten","Member","Maribyrnong","Victoria","Australian Labor Party","Office Administrative Costs","Office Consumables and Services","Before 1 January 2017","","","","MFD Colour copy charge 28 Nov to 27 Dec 16","","","146.29","27-Dec-2016","",""
"Bill Shorten","Member","Maribyrnong","Victoria","Australian Labor Party","Office Administrative Costs","Office Consumables and Services","Before 1 January 2017","","","","Office requisites and stationery 1 Dec to 31 Dec 16","","","481.71","31-Dec-2016","",""
"Bill Shorten","Member","Maribyrnong","Victoria","Australian Labor Party","Office Administrative Costs","Office Consumables and Services","Before 1 January 2017","","","","MFD Colour copy charge 28 Dec 16 to 27 Jan 17","","","73.71","28-Dec-2016","",""
"Bill Shorten","Member","Maribyrnong","Victoria","Australian Labor Party","Office Administrative Costs","Office Consumables and Services","Before 1 January 2017","","","","MFD Monochrome copy charge 28 Dec 16 to 27 Jan 17","","","1.62","28-Dec-2016","",""
"Bill Shorten","Member","Maribyrnong","Victoria","Australian Labor Party","Office Administrative Costs","Printing and Communications","From 1 January 2017","","","","Distribution late payment fee Jan 17","","","15.00","01-Jan-1900","",""
"Bill Shorten","Member","Maribyrnong","Victoria","Australian Labor Party","Office Administrative Costs","Printing and Communications","From 1 January 2017","","","","Distribution 1 Jan to 31 Jan 17","","","6,518.64","31-Jan-2017","",""
"Bill Shorten","Member","Maribyrnong","Victoria","Australian Labor Party","Office Administrative Costs","Printing and Communications","From 1 January 2017","","","","Distribution credit 1 Jan to 31 Jan 17","","","-11.36","31-Jan-2017","",""
"Bill Shorten","Member","Maribyrnong","Victoria","Australian Labor Party","Office Administrative Costs","Printing and Communications","From 1 January 2017","","","","1 Printed item 25 Jan 17","","","1,800.00","25-Jan-2017","",""
"Bill Shorten","Member","Maribyrnong","Victoria","Australian Labor Party","Office Administrative Costs","Printing and Communications","From 1 January 2017","","","","1 Printed item 27 Jan 17","","","1,200.00","27-Jan-2017","",""
"Bill Shorten","Member","Maribyrnong","Victoria","Australian Labor Party","Office Administrative Costs","Printing and Communications","From 1 January 2017","","","","Distribution 1 Feb to 28 Feb 17","","","1,275.41","28-Feb-2017","",""
"Bill Shorten","Member","Maribyrnong","Victoria","Australian Labor Party","Office Administrative Costs","Printing and Communications","From 1 January 2017","","","","Distribution late payment fee credit Feb 17","","","-15.00","01-Jan-1900","",""
"Bill Shorten","Member","Maribyrnong","Victoria","Australian Labor Party","Office Administrative Costs","Printing and Communications","From 1 January 2017","","","","Distribution late payment fee Feb 17","","","15.00","01-Jan-1900","",""
"Bill Shorten","Member","Maribyrnong","Victoria","Australian Labor Party","Office Administrative Costs","Printing and Communications","From 1 January 2017","","","","32,000 Personalised letterhead stationery 16 Mar 17","","","2,454.00","16-Mar-2017","",""
"Bill Shorten","Member","Maribyrnong","Victoria","Australian Labor Party","Office Administrative Costs","Printing and Communications","From 1 January 2017","","","","PO Box 214 rental 1 Apr 17 to 31 Mar 18","","","271.82","01-Apr-2017","",""
"Bill Shorten","Member","Maribyrnong","Victoria","Australian Labor Party","Office Administrative Costs","Printing and Communications","Before 1 January 2017","","","","Printing 12 Oct 16","","","350.00","12-Oct-2016","",""
"Bill Shorten","Member","Maribyrnong","Victoria","Australian Labor Party","Office Administrative Costs","Printing and Communications","Before 1 January 2017","","","","Distribution 1 Nov to 30 Nov 16","","","12,297.52","30-Nov-2016","",""
"Bill Shorten","Member","Maribyrnong","Victoria","Australian Labor Party","Office Administrative Costs","Printing and Communications","Before 1 January 2017","","","","Distribution credit 1 Dec to 31 Dec 16","","","-11.36","31-Dec-2016","",""
"Bill Shorten","Member","Maribyrnong","Victoria","Australian Labor Party","Office Administrative Costs","Printing and Communications","Before 1 January 2017","","","","Distribution 1 Dec to 31 Dec 16","","","31.40","31-Dec-2016","",""
"Bill Shorten","Member","Maribyrnong","Victoria","Australian Labor Party","Office Administrative Costs","Printing and Communications","Before 1 January 2017","","","","Distribution 1 Dec to 31 Dec 16","","","3,908.49","31-Dec-2016","",""
"Bill Shorten","Member","Maribyrnong","Victoria","Australian Labor Party","Office Administrative Costs","Printing and Communications","Before 1 January 2017","","","","Distribution late payment fee Dec 16","","","15.00","01-Jan-1900","",""
"Bill Shorten","Member","Maribyrnong","Victoria","Australian Labor Party","Office Administrative Costs","Printing and Communications","Before 1 January 2017","","","","Printing 15 Dec 16","","","400.00","15-Dec-2016","",""
"Bill Shorten","Member","Maribyrnong","Victoria","Australian Labor Party","Office Administrative Costs","Printing and Communications","Before 1 January 2017","","","","1 Printed item 23 Dec 16","","","300.00","23-Dec-2016","",""
"Bill Shorten","Member","Maribyrnong","Victoria","Australian Labor Party","Office Administrative Costs","Additional Printing and Communications","From 1 January 2017","","","","Distribution 1 Jan to 31 Jan 17","","","344.59","31-Jan-2017","",""
"Bill Shorten","Member","Maribyrnong","Victoria","Australian Labor Party","Office Administrative Costs","Additional Printing and Communications","Before 1 January 2017","","","","Distribution late payment fee Oct 16","","","15.00","01-Jan-1900","",""
"Bill Shorten","Member","Maribyrnong","Victoria","Australian Labor Party","Office Administrative Costs","Additional Printing and Communications","Before 1 January 2017","","","","Distribution 1 Dec to 31 Dec 16","","","918.95","31-Dec-2016","",""
"Bill Shorten","Member","Maribyrnong","Victoria","Australian Labor Party","Office Administrative Costs","Additional Printing and Communications","Before 1 January 2017","","","","Distribution credit 1 Dec to 31 Dec 16","","","-22.73","31-Dec-2016","",""
"Bill Shorten","Member","Maribyrnong","Victoria","Australian Labor Party","Office Administrative Costs","Additional Printing and Communications","Before 1 January 2017","","","","General office consumables 1 Dec to 31 Dec 16","","","1.00","31-Dec-2016","",""
"Bill Shorten","Member","Maribyrnong","Victoria","Australian Labor Party","Office Administrative Costs","Publications","From 1 January 2017","","","","5 Parliament in Pictures 13 Feb 17","","","90.91","13-Feb-2017","",""
"Bill Shorten","Member","Maribyrnong","Victoria","Australian Labor Party","Office Administrative Costs","Publications","Before 1 January 2017","","","","1 Harvard Business Review 6 Jun to 17 Jul 16","","","18.17","17-Jul-2016","",""
"Bill Shorten","Member","Maribyrnong","Victoria","Australian Labor Party","Office Administrative Costs","Publications","Before 1 January 2017","","","","Administrative fees 6 Jun to 17 Jul 16","","","3.45","17-Jul-2016","",""
"Bill Shorten","Member","Maribyrnong","Victoria","Australian Labor Party","Office Administrative Costs","Publications","Before 1 January 2017","","","","Administrative fees 18 Jul to 28 Aug 16","","","8.00","28-Aug-2016","",""
"Bill Shorten","Member","Maribyrnong","Victoria","Australian Labor Party","Office Administrative Costs","Publications","Before 1 January 2017","","","","1 Harvard Business Review 18 Jul to 28 Aug 16","","","18.17","28-Aug-2016","",""
"Bill Shorten","Member","Maribyrnong","Victoria","Australian Labor Party","Office Administrative Costs","Publications","Before 1 January 2017","","","","Administrative fees 29 Aug to 25 Sep 16","","","6.64","25-Sep-2016","",""
"Bill Shorten","Member","Maribyrnong","Victoria","Australian Labor Party","Office Administrative Costs","Publications","Before 1 January 2017","","","","1 Harvard Business Review 29 Aug to 25 Sep 16","","","18.17","25-Sep-2016","",""
"Bill Shorten","Member","Maribyrnong","Victoria","Australian Labor Party","Office Administrative Costs","Publications","Before 1 January 2017","","","","Administrative fees 26 Sep to 16 Oct 16","","","6.64","16-Oct-2016","",""
"Bill Shorten","Member","Maribyrnong","Victoria","Australian Labor Party","Office Administrative Costs","Publications","Before 1 January 2017","","","","1 Harvard Business Review 26 Sep to 16 Oct 16","","","18.17","16-Oct-2016","",""
"Bill Shorten","Member","Maribyrnong","Victoria","Australian Labor Party","Office Administrative Costs","Publications","Before 1 January 2017","","","","Administrative fees 17 Oct to 20 Nov 16","","","6.64","20-Nov-2016","",""
"Bill Shorten","Member","Maribyrnong","Victoria","Australian Labor Party","Office Administrative Costs","Publications","Before 1 January 2017","","","","Administrative fees 21 Nov 16 to 15 Jan 17","","","11.18","21-Nov-2016","",""
"Bill Shorten","Member","Maribyrnong","Victoria","Australian Labor Party","Office Administrative Costs","Publications","Before 1 January 2017","","","","1 Harvard Business Review 21 Nov 16 to 15 Jan 17","","","18.17","21-Nov-2016","",""
"Bill Shorten","Member","Maribyrnong","Victoria","Australian Labor Party","Telecommunications","Telecommunications - Usage","From 1 January 2017","","","","Office phones 26 Jan 17","","","265.68","26-Jan-2017","",""
"Bill Shorten","Member","Maribyrnong","Victoria","Australian Labor Party","Telecommunications","Telecommunications - Usage","From 1 January 2017","","","","Office fax 26 Jan 17","","","38.32","26-Jan-2017","",""
"Bill Shorten","Member","Maribyrnong","Victoria","Australian Labor Party","Telecommunications","Telecommunications - Usage","From 1 January 2017","","","","Office phones 26 Feb 17","","","354.55","26-Feb-2017","",""
"Bill Shorten","Member","Maribyrnong","Victoria","Australian Labor Party","Telecommunications","Telecommunications - Usage","From 1 January 2017","","","","Office fax 26 Feb 17","","","37.59","26-Feb-2017","",""
"Bill Shorten","Member","Maribyrnong","Victoria","Australian Labor Party","Telecommunications","Telecommunications - Usage","Before 1 January 2017","","","","Office phones 13 Jul 16","","","30.00","13-Jul-2016","",""
"Bill Shorten","Member","Maribyrnong","Victoria","Australian Labor Party","Telecommunications","Telecommunications - Usage","Before 1 January 2017","","","","Office phones 26 Dec 16","","","319.34","26-Dec-2016","",""
"Bill Shorten","Member","Maribyrnong","Victoria","Australian Labor Party","Telecommunications","Telecommunications - Usage","Before 1 January 2017","","","","Office fax 26 Dec 16","","","37.95","26-Dec-2016","",""
"Bill Shorten","Member","Maribyrnong","Victoria","Australian Labor Party","Telecommunications","Telecommunications - Residential - Official","From 1 January 2017","","","","Dedicated data line 1 Jan 17","","","90.86","01-Jan-2017","",""
"Bill Shorten","Member","Maribyrnong","Victoria","Australian Labor Party","Telecommunications","Telecommunications - Residential - Official","From 1 January 2017","","","","Residential phones 8 Jan 17","","","63.85","08-Jan-2017","",""
"Bill Shorten","Member","Maribyrnong","Victoria","Australian Labor Party","Telecommunications","Telecommunications - Residential - Official","From 1 January 2017","","","","Dedicated data line 1 Feb 17","","","90.86","01-Feb-2017","",""
"Bill Shorten","Member","Maribyrnong","Victoria","Australian Labor Party","Telecommunications","Telecommunications - Residential - Official","From 1 January 2017","","","","Residential phones 8 Feb 17","","","64.27","08-Feb-2017","",""
"Bill Shorten","Member","Maribyrnong","Victoria","Australian Labor Party","Telecommunications","Telecommunications - Residential - Official","From 1 January 2017","","","","Dedicated data line 4 Mar 17","","","90.86","04-Mar-2017","",""
"Bill Shorten","Member","Maribyrnong","Victoria","Australian Labor Party","Telecommunications","Telecommunications - Residential - Official","From 1 January 2017","","","","Residential phones 9 Mar 17","","","69.85","09-Mar-2017","",""
"Bill Shorten","Member","Maribyrnong","Victoria","Australian Labor Party","Telecommunications","Telecommunications - Residential - Official","Before 1 January 2017","","","","Residential phones 4 Oct 16","","","30.00","04-Oct-2016","",""
"Bill Shorten","Member","Maribyrnong","Victoria","Australian Labor Party","Family Travel Costs","Family Traveller Domestic Scheduled Fares","From 1 January 2017","","","","6 Feb 17 - Melbourne to Canberra","","","637.91","06-Feb-2017","",""
"Bill Shorten","Member","Maribyrnong","Victoria","Australian Labor Party","Family Travel Costs","Family Traveller Domestic Scheduled Fares","From 1 January 2017","","","","7 Feb 17 - Canberra to Melbourne","","","716.51","07-Feb-2017","",""
"Bill Shorten","Member","Maribyrnong","Victoria","Australian Labor Party","Family Travel Costs","Family Traveller Domestic Scheduled Fares","Before 1 January 2017","","","","11 May 16 - Melbourne to Sydney","","","698.76","11-May-2016","",""
"Bill Shorten","Member","Maribyrnong","Victoria","Australian Labor Party","Family Travel Costs","Family Traveller Domestic Scheduled Fares","Before 1 January 2017","","","","11 May 16 - Sydney to Brisbane","","","1,458.41","11-May-2016","",""
"Bill Shorten","Member","Maribyrnong","Victoria","Australian Labor Party","Family Travel Costs","Family Traveller Domestic Scheduled Fares","Before 1 January 2017","","","","11 May 16 - Brisbane to Townsville","","","","11-May-2016","",""
"Bill Shorten","Member","Maribyrnong","Victoria","Australian Labor Party","Family Travel Costs","COMCAR","From 1 January 2017","","","","6 Feb 17 - Melbourne","","","40.00","06-Feb-2017","",""
"Bill Shorten","Member","Maribyrnong","Victoria","Australian Labor Party","Family Travel Costs","COMCAR","From 1 January 2017","","","","6 Feb 17 - Canberra","","","41.80","06-Feb-2017","",""
"Bill Shorten","Member","Maribyrnong","Victoria","Australian Labor Party","Family Travel Costs","COMCAR","From 1 January 2017","","","","7 Feb 17 - Melbourne","","","43.92","07-Feb-2017","",""
"Bill Shorten","Member","Maribyrnong","Victoria","Australian Labor Party","Family Travel Costs","COMCAR","From 1 January 2017","","","","10 Mar 17 - Melbourne","","","41.92","10-Mar-2017","",""
"Bill Shorten","Member","Maribyrnong","Victoria","Australian Labor Party","Family Travel Costs","COMCAR","From 1 January 2017","","","","23 Mar 17 - Melbourne","","","49.78","23-Mar-2017","",""
"Bill Shorten","Member","Maribyrnong","Victoria","Australian Labor Party","Family Travel Costs","COMCAR","From 1 January 2017","","","","23 Mar 17 - Canberra","","","48.96","23-Mar-2017","",""
"Bill Shorten","Member","Maribyrnong","Victoria","Australian Labor Party","Family Travel Costs","COMCAR","From 1 January 2017","","","","23 Mar 17 - Canberra","","","40.00","23-Mar-2017","",""
"Bill Shorten","Member","Maribyrnong","Victoria","Australian Labor Party","Family Travel Costs","COMCAR","From 1 January 2017","","","","23 Mar 17 - Melbourne","","","42.00","23-Mar-2017","",""
"Bill Shorten","Member","Maribyrnong","Victoria","Australian Labor Party","Overseas Travel","Overseas Travel","Before 1 January 2017","","","","","","","17,763.96","01-Jan-1900","","OS Official - Fares"
