"Name","MemberType","Electorate","State","Party","Category","SubCategory","Period","Date From","Date To","Location","Details","Nights","Rate","Amount","Date","Type","Notes"
"Peter Dutton","Representative","Dickson","Queensland","Liberal Party of Australia","Travelling Allowance","Parliamentary Travelling Allowance","From 1 January 2017","3 Jan 17","4 Jan 17","Sydney","Minister - Official Business","2","442.00","884.00","03-Jan-2017","",""
"Peter Dutton","Representative","Dickson","Queensland","Liberal Party of Australia","Travelling Allowance","Parliamentary Travelling Allowance","From 1 January 2017","18 Jan 17","18 Jan 17","Melbourne","Minister - Official Business","1","442.00","442.00","18-Jan-2017","",""
"Peter Dutton","Representative","Dickson","Queensland","Liberal Party of Australia","Travelling Allowance","Parliamentary Travelling Allowance","From 1 January 2017","30 Jan 17","31 Jan 17","Canberra","Minister - Official Business","2","276.00","552.00","30-Jan-2017","",""
"Peter Dutton","Representative","Dickson","Queensland","Liberal Party of Australia","Travelling Allowance","Parliamentary Travelling Allowance","From 1 January 2017","5 Feb 17","9 Feb 17","Canberra","Sittings of Parliament","5","276.00","1,380.00","05-Feb-2017","",""
"Peter Dutton","Representative","Dickson","Queensland","Liberal Party of Australia","Travelling Allowance","Parliamentary Travelling Allowance","From 1 January 2017","12 Feb 17","15 Feb 17","Canberra","Sittings of Parliament","4","276.00","1,104.00","12-Feb-2017","",""
"Peter Dutton","Representative","Dickson","Queensland","Liberal Party of Australia","Travelling Allowance","Parliamentary Travelling Allowance","From 1 January 2017","21 Feb 17","21 Feb 17","Sydney","Minister - Official Business","1","442.00","442.00","21-Feb-2017","",""
"Peter Dutton","Representative","Dickson","Queensland","Liberal Party of Australia","Travelling Allowance","Parliamentary Travelling Allowance","Before 1 January 2017","27 Nov 16","1 Dec 16","Canberra","Sittings of Parliament","5","276.00","1,380.00","27-Nov-2016","",""
"Peter Dutton","Representative","Dickson","Queensland","Liberal Party of Australia","Travelling Allowance","Parliamentary Travelling Allowance","Before 1 January 2017","5 Dec 16","6 Dec 16","Sydney","Minister - Official Business","2","442.00","884.00","05-Dec-2016","",""
"Peter Dutton","Representative","Dickson","Queensland","Liberal Party of Australia","Travelling Allowance","Parliamentary Travelling Allowance","Before 1 January 2017","12 Dec 16","12 Dec 16","Canberra","Minister - Official Business","1","276.00","276.00","12-Dec-2016","",""
"Peter Dutton","Representative","Dickson","Queensland","Liberal Party of Australia","Overseas Travel","Overseas Travel","From 1 January 2017","","","","","","","430.00","01-Jan-1900","OS Ministerial - Equipment allowance",""
"Peter Dutton","Representative","Dickson","Queensland","Liberal Party of Australia","Overseas Travel","Overseas Travel","From 1 January 2017","","","","","","","126.00","01-Jan-1900","OS Ministerial - Minor official expense advance",""
"Peter Dutton","Representative","Dickson","Queensland","Liberal Party of Australia","Overseas Travel","Overseas Travel","From 1 January 2017","","","","","","","80.00","01-Jan-1900","OS Ministerial - Travel advance",""
"Peter Dutton","Representative","Dickson","Queensland","Liberal Party of Australia","Overseas Travel","Overseas Travel","Before 1 January 2017","","","","","","","202.97","01-Jan-1900","OS Ministerial - Fares",""
"Peter Dutton","Representative","Dickson","Queensland","Liberal Party of Australia","Domestic Scheduled Fares","Fares","From 1 January 2017","","","","3 Jan 17 - Brisbane to Sydney","","","816.07","03-Jan-2017","",""
"Peter Dutton","Representative","Dickson","Queensland","Liberal Party of Australia","Domestic Scheduled Fares","Fares","From 1 January 2017","","","","5 Jan 17 - Sydney to Brisbane","","","816.07","05-Jan-2017","",""
"Peter Dutton","Representative","Dickson","Queensland","Liberal Party of Australia","Domestic Scheduled Fares","Fares","From 1 January 2017","","","","18 Jan 17 - Brisbane to Melbourne","","","1,128.52","18-Jan-2017","",""
"Peter Dutton","Representative","Dickson","Queensland","Liberal Party of Australia","Domestic Scheduled Fares","Fares","From 1 January 2017","","","","19 Jan 17 - Melbourne to Brisbane","","","1,128.52","19-Jan-2017","",""
"Peter Dutton","Representative","Dickson","Queensland","Liberal Party of Australia","Domestic Scheduled Fares","Fares","From 1 January 2017","","","","30 Jan 17 - Brisbane to Canberra","","","739.64","30-Jan-2017","",""
"Peter Dutton","Representative","Dickson","Queensland","Liberal Party of Australia","Domestic Scheduled Fares","Fares","From 1 January 2017","","","","1 Feb 17 - Canberra to Brisbane","","","739.64","01-Feb-2017","",""
"Peter Dutton","Representative","Dickson","Queensland","Liberal Party of Australia","Domestic Scheduled Fares","Fares","From 1 January 2017","","","","5 Feb 17 - Brisbane to Canberra","","","799.62","05-Feb-2017","",""
"Peter Dutton","Representative","Dickson","Queensland","Liberal Party of Australia","Domestic Scheduled Fares","Fares","From 1 January 2017","","","","10 Feb 17 - Canberra to Brisbane","","","289.27","10-Feb-2017","",""
"Peter Dutton","Representative","Dickson","Queensland","Liberal Party of Australia","Domestic Scheduled Fares","Fares","From 1 January 2017","","","","12 Feb 17 - Brisbane to Canberra","","","799.62","12-Feb-2017","",""
"Peter Dutton","Representative","Dickson","Queensland","Liberal Party of Australia","Domestic Scheduled Fares","Fares","From 1 January 2017","","","","16 Feb 17 - Canberra to Brisbane","","","799.62","16-Feb-2017","",""
"Peter Dutton","Representative","Dickson","Queensland","Liberal Party of Australia","Domestic Scheduled Fares","Fares","From 1 January 2017","","","","21 Feb 17 - Brisbane to Sydney","","","884.56","21-Feb-2017","",""
"Peter Dutton","Representative","Dickson","Queensland","Liberal Party of Australia","Domestic Scheduled Fares","Fares","From 1 January 2017","","","","21 Feb 17 - Sydney to Melbourne","","","883.94","21-Feb-2017","",""
"Peter Dutton","Representative","Dickson","Queensland","Liberal Party of Australia","Domestic Scheduled Fares","Fares","From 1 January 2017","","","","22 Feb 17 - Melbourne to Brisbane","","","1,184.42","22-Feb-2017","",""
"Peter Dutton","Representative","Dickson","Queensland","Liberal Party of Australia","Domestic Scheduled Fares","Fares","From 1 January 2017","","","","25 Feb 17 - Brisbane to Sydney","","","884.56","25-Feb-2017","",""
"Peter Dutton","Representative","Dickson","Queensland","Liberal Party of Australia","Domestic Scheduled Fares","Fares","From 1 January 2017","","","","2 Mar 17 - Canberra to Brisbane","","","799.62","02-Mar-2017","",""
"Peter Dutton","Representative","Dickson","Queensland","Liberal Party of Australia","Domestic Scheduled Fares","Fares","From 1 January 2017","","","","3 Mar 17 - Brisbane to Sydney","","","884.56","03-Mar-2017","",""
"Peter Dutton","Representative","Dickson","Queensland","Liberal Party of Australia","Domestic Scheduled Fares","Fares","From 1 January 2017","","","","3 Mar 17 - Sydney to Brisbane","","","884.56","03-Mar-2017","",""
"Peter Dutton","Representative","Dickson","Queensland","Liberal Party of Australia","Domestic Scheduled Fares","Fares","From 1 January 2017","","","","6 Mar 17 - Brisbane to Canberra","","","739.64","06-Mar-2017","",""
"Peter Dutton","Representative","Dickson","Queensland","Liberal Party of Australia","Domestic Scheduled Fares","Fares","From 1 January 2017","","","","10 Mar 17 - Sydney to Brisbane","","","884.56","10-Mar-2017","",""
"Peter Dutton","Representative","Dickson","Queensland","Liberal Party of Australia","Domestic Scheduled Fares","Fares","From 1 January 2017","","","","13 Mar 17 - Brisbane to Canberra","","","839.17","13-Mar-2017","",""
"Peter Dutton","Representative","Dickson","Queensland","Liberal Party of Australia","Domestic Scheduled Fares","Fares","From 1 January 2017","","","","15 Mar 17 - Canberra to Brisbane","","","839.17","15-Mar-2017","",""
"Peter Dutton","Representative","Dickson","Queensland","Liberal Party of Australia","Domestic Scheduled Fares","Fares","From 1 January 2017","","","","19 Mar 17 - Brisbane to Canberra","","","839.17","19-Mar-2017","",""
"Peter Dutton","Representative","Dickson","Queensland","Liberal Party of Australia","Domestic Scheduled Fares","Fares","From 1 January 2017","","","","24 Mar 17 - Canberra to Brisbane","","","839.17","24-Mar-2017","",""
"Peter Dutton","Representative","Dickson","Queensland","Liberal Party of Australia","Domestic Scheduled Fares","Fares","Before 1 January 2017","","","","9 Dec 16 - Canberra to Brisbane","","","799.62","09-Dec-2016","",""
"Peter Dutton","Representative","Dickson","Queensland","Liberal Party of Australia","Car Costs","COMCAR","From 1 January 2017","","","","1 Jan 17 - Sydney","","","113.60","01-Jan-2017","",""
"Peter Dutton","Representative","Dickson","Queensland","Liberal Party of Australia","Car Costs","COMCAR","From 1 January 2017","","","","1 Jan 17 - Sydney","","","106.30","01-Jan-2017","",""
"Peter Dutton","Representative","Dickson","Queensland","Liberal Party of Australia","Car Costs","COMCAR","From 1 January 2017","","","","3 Jan 17 - Sydney","","","88.60","03-Jan-2017","",""
"Peter Dutton","Representative","Dickson","Queensland","Liberal Party of Australia","Car Costs","COMCAR","From 1 January 2017","","","","3 Jan 17 - Sydney","","","99.21","03-Jan-2017","",""
"Peter Dutton","Representative","Dickson","Queensland","Liberal Party of Australia","Car Costs","COMCAR","From 1 January 2017","","","","3 Jan 17 - Sydney","","","40.00","03-Jan-2017","",""
"Peter Dutton","Representative","Dickson","Queensland","Liberal Party of Australia","Car Costs","COMCAR","From 1 January 2017","","","","3 Jan 17 - Sydney","","","73.36","03-Jan-2017","",""
"Peter Dutton","Representative","Dickson","Queensland","Liberal Party of Australia","Car Costs","COMCAR","From 1 January 2017","","","","5 Jan 17 - Sydney","","","200.43","05-Jan-2017","",""
"Peter Dutton","Representative","Dickson","Queensland","Liberal Party of Australia","Car Costs","COMCAR","From 1 January 2017","","","","19 Jan 17 - Melbourne","","","104.80","19-Jan-2017","",""
"Peter Dutton","Representative","Dickson","Queensland","Liberal Party of Australia","Car Costs","COMCAR","From 1 January 2017","","","","19 Jan 17 - Melbourne","","","68.59","19-Jan-2017","",""
"Peter Dutton","Representative","Dickson","Queensland","Liberal Party of Australia","Car Costs","COMCAR","From 1 January 2017","","","","26 Jan 17 - Brisbane","","","432.30","26-Jan-2017","",""
"Peter Dutton","Representative","Dickson","Queensland","Liberal Party of Australia","Car Costs","COMCAR","From 1 January 2017","","","","30 Jan 17 - Canberra","","","41.80","30-Jan-2017","",""
"Peter Dutton","Representative","Dickson","Queensland","Liberal Party of Australia","Car Costs","COMCAR","From 1 January 2017","","","","1 Feb 17 - Canberra","","","40.00","01-Feb-2017","",""
"Peter Dutton","Representative","Dickson","Queensland","Liberal Party of Australia","Car Costs","COMCAR","From 1 January 2017","","","","5 Feb 17 - Canberra","","","80.40","05-Feb-2017","",""
"Peter Dutton","Representative","Dickson","Queensland","Liberal Party of Australia","Car Costs","COMCAR","From 1 January 2017","","","","6 Feb 17 - Canberra","","","40.00","06-Feb-2017","",""
"Peter Dutton","Representative","Dickson","Queensland","Liberal Party of Australia","Car Costs","COMCAR","From 1 January 2017","","","","6 Feb 17 - Canberra","","","40.00","06-Feb-2017","",""
"Peter Dutton","Representative","Dickson","Queensland","Liberal Party of Australia","Car Costs","COMCAR","From 1 January 2017","","","","7 Feb 17 - Canberra","","","111.35","07-Feb-2017","",""
"Peter Dutton","Representative","Dickson","Queensland","Liberal Party of Australia","Car Costs","COMCAR","From 1 January 2017","","","","9 Feb 17 - Canberra","","","78.60","09-Feb-2017","",""
"Peter Dutton","Representative","Dickson","Queensland","Liberal Party of Australia","Car Costs","COMCAR","From 1 January 2017","","","","10 Feb 17 - Canberra","","","40.00","10-Feb-2017","",""
"Peter Dutton","Representative","Dickson","Queensland","Liberal Party of Australia","Car Costs","COMCAR","From 1 January 2017","","","","12 Feb 17 - Canberra","","","80.40","12-Feb-2017","",""
"Peter Dutton","Representative","Dickson","Queensland","Liberal Party of Australia","Car Costs","COMCAR","From 1 January 2017","","","","16 Feb 17 - Canberra","","","40.00","16-Feb-2017","",""
"Peter Dutton","Representative","Dickson","Queensland","Liberal Party of Australia","Car Costs","COMCAR","From 1 January 2017","","","","18 Feb 17 - Brisbane","","","289.51","18-Feb-2017","",""
"Peter Dutton","Representative","Dickson","Queensland","Liberal Party of Australia","Car Costs","COMCAR","From 1 January 2017","","","","20 Feb 17 - Brisbane","","","40.00","20-Feb-2017","",""
"Peter Dutton","Representative","Dickson","Queensland","Liberal Party of Australia","Car Costs","COMCAR","From 1 January 2017","","","","20 Feb 17 - Brisbane","","","137.55","20-Feb-2017","",""
"Peter Dutton","Representative","Dickson","Queensland","Liberal Party of Australia","Car Costs","COMCAR","From 1 January 2017","","","","21 Feb 17 - Sydney","","","55.85","21-Feb-2017","",""
"Peter Dutton","Representative","Dickson","Queensland","Liberal Party of Australia","Car Costs","COMCAR","From 1 January 2017","","","","21 Feb 17 - Sydney","","","43.23","21-Feb-2017","",""
"Peter Dutton","Representative","Dickson","Queensland","Liberal Party of Australia","Car Costs","COMCAR","From 1 January 2017","","","","21 Feb 17 - Melbourne","","","55.29","21-Feb-2017","",""
"Peter Dutton","Representative","Dickson","Queensland","Liberal Party of Australia","Car Costs","COMCAR","From 1 January 2017","","","","21 Feb 17 - Melbourne","","","128.38","21-Feb-2017","",""
"Peter Dutton","Representative","Dickson","Queensland","Liberal Party of Australia","Car Costs","COMCAR","From 1 January 2017","","","","22 Feb 17 - Melbourne","","","94.32","22-Feb-2017","",""
"Peter Dutton","Representative","Dickson","Queensland","Liberal Party of Australia","Car Costs","COMCAR","From 1 January 2017","","","","22 Feb 17 - Melbourne","","","48.05","22-Feb-2017","",""
"Peter Dutton","Representative","Dickson","Queensland","Liberal Party of Australia","Car Costs","COMCAR","From 1 January 2017","","","","22 Feb 17 - Brisbane","","","61.57","22-Feb-2017","",""
"Peter Dutton","Representative","Dickson","Queensland","Liberal Party of Australia","Car Costs","COMCAR","From 1 January 2017","","","","22 Feb 17 - Brisbane","","","112.66","22-Feb-2017","",""
"Peter Dutton","Representative","Dickson","Queensland","Liberal Party of Australia","Car Costs","COMCAR","From 1 January 2017","","","","25 Feb 17 - Sydney","","","88.60","25-Feb-2017","",""
"Peter Dutton","Representative","Dickson","Queensland","Liberal Party of Australia","Car Costs","COMCAR","From 1 January 2017","","","","25 Feb 17 - Sydney","","","78.60","25-Feb-2017","",""
"Peter Dutton","Representative","Dickson","Queensland","Liberal Party of Australia","Car Costs","COMCAR","From 1 January 2017","","","","26 Feb 17 - Sydney","","","78.60","26-Feb-2017","",""
"Peter Dutton","Representative","Dickson","Queensland","Liberal Party of Australia","Car Costs","COMCAR","From 1 January 2017","","","","26 Feb 17 - Sydney","","","81.30","26-Feb-2017","",""
"Peter Dutton","Representative","Dickson","Queensland","Liberal Party of Australia","Car Costs","COMCAR","From 1 January 2017","","","","26 Feb 17 - Sydney","","","78.60","26-Feb-2017","",""
"Peter Dutton","Representative","Dickson","Queensland","Liberal Party of Australia","Car Costs","COMCAR","From 1 January 2017","","","","26 Feb 17 - Canberra","","","78.60","26-Feb-2017","",""
"Peter Dutton","Representative","Dickson","Queensland","Liberal Party of Australia","Car Costs","COMCAR","From 1 January 2017","","","","2 Mar 17 - Canberra","","","40.00","02-Mar-2017","",""
"Peter Dutton","Representative","Dickson","Queensland","Liberal Party of Australia","Car Costs","COMCAR","From 1 January 2017","","","","3 Mar 17 - Sydney","","","85.02","03-Mar-2017","",""
"Peter Dutton","Representative","Dickson","Queensland","Liberal Party of Australia","Car Costs","COMCAR","From 1 January 2017","","","","6 Mar 17 - Canberra","","","41.80","06-Mar-2017","",""
"Peter Dutton","Representative","Dickson","Queensland","Liberal Party of Australia","Car Costs","COMCAR","From 1 January 2017","","","","7 Mar 17 - Canberra","","","41.92","07-Mar-2017","",""
"Peter Dutton","Representative","Dickson","Queensland","Liberal Party of Australia","Car Costs","COMCAR","From 1 January 2017","","","","8 Mar 17 - Sydney","","","107.10","08-Mar-2017","",""
"Peter Dutton","Representative","Dickson","Queensland","Liberal Party of Australia","Car Costs","COMCAR","From 1 January 2017","","","","9 Mar 17 - Sydney","","","108.73","09-Mar-2017","",""
"Peter Dutton","Representative","Dickson","Queensland","Liberal Party of Australia","Car Costs","COMCAR","From 1 January 2017","","","","10 Mar 17 - Sydney","","","48.47","10-Mar-2017","",""
"Peter Dutton","Representative","Dickson","Queensland","Liberal Party of Australia","Car Costs","COMCAR","From 1 January 2017","","","","10 Mar 17 - Sydney","","","48.47","10-Mar-2017","",""
"Peter Dutton","Representative","Dickson","Queensland","Liberal Party of Australia","Car Costs","COMCAR","From 1 January 2017","","","","13 Mar 17 - Canberra","","","80.40","13-Mar-2017","",""
"Peter Dutton","Representative","Dickson","Queensland","Liberal Party of Australia","Car Costs","COMCAR","From 1 January 2017","","","","14 Mar 17 - Canberra","","","40.00","14-Mar-2017","",""
"Peter Dutton","Representative","Dickson","Queensland","Liberal Party of Australia","Car Costs","COMCAR","From 1 January 2017","","","","15 Mar 17 - Canberra","","","40.00","15-Mar-2017","",""
"Peter Dutton","Representative","Dickson","Queensland","Liberal Party of Australia","Car Costs","COMCAR","From 1 January 2017","","","","15 Mar 17 - Canberra","","","40.00","15-Mar-2017","",""
"Peter Dutton","Representative","Dickson","Queensland","Liberal Party of Australia","Car Costs","COMCAR","From 1 January 2017","","","","15 Mar 17 - Brisbane","","","65.50","15-Mar-2017","",""
"Peter Dutton","Representative","Dickson","Queensland","Liberal Party of Australia","Car Costs","COMCAR","From 1 January 2017","","","","15 Mar 17 - Brisbane","","","85.15","15-Mar-2017","",""
"Peter Dutton","Representative","Dickson","Queensland","Liberal Party of Australia","Car Costs","COMCAR","From 1 January 2017","","","","17 Mar 17 - Sydney","","","56.33","17-Mar-2017","",""
"Peter Dutton","Representative","Dickson","Queensland","Liberal Party of Australia","Car Costs","COMCAR","From 1 January 2017","","","","19 Mar 17 - Canberra","","","80.40","19-Mar-2017","",""
"Peter Dutton","Representative","Dickson","Queensland","Liberal Party of Australia","Car Costs","COMCAR","From 1 January 2017","","","","23 Mar 17 - Canberra","","","74.67","23-Mar-2017","",""
"Peter Dutton","Representative","Dickson","Queensland","Liberal Party of Australia","Car Costs","COMCAR","From 1 January 2017","","","","23 Mar 17 - Canberra","","","75.98","23-Mar-2017","",""
"Peter Dutton","Representative","Dickson","Queensland","Liberal Party of Australia","Car Costs","COMCAR","From 1 January 2017","","","","24 Mar 17 - Canberra","","","40.00","24-Mar-2017","",""
"Peter Dutton","Representative","Dickson","Queensland","Liberal Party of Australia","Car Costs","COMCAR","From 1 January 2017","","","","26 Mar 17 - Canberra","","","80.40","26-Mar-2017","",""
"Peter Dutton","Representative","Dickson","Queensland","Liberal Party of Australia","Car Costs","COMCAR","From 1 January 2017","","","","27 Mar 17 - Canberra","","","78.60","27-Mar-2017","",""
"Peter Dutton","Representative","Dickson","Queensland","Liberal Party of Australia","Car Costs","COMCAR","From 1 January 2017","","","","29 Mar 17 - Canberra","","","96.94","29-Mar-2017","",""
"Peter Dutton","Representative","Dickson","Queensland","Liberal Party of Australia","Office Facilities","Office Facilities","From 1 January 2017","","","","Aggregated Total","","","61,253.01","01-Jan-1900","",""
"Peter Dutton","Representative","Dickson","Queensland","Liberal Party of Australia","Office Facilities","Office Facilities","Before 1 January 2017","","","","Aggregated Total","","","1,508.34","01-Jan-1900","",""
"Peter Dutton","Representative","Dickson","Queensland","Liberal Party of Australia","Office Administrative Costs","Office Consumables and Services","From 1 January 2017","","","","Office requisites and stationery 1 Jan to 31 Jan 17","","","1,042.93","31-Jan-2017","",""
"Peter Dutton","Representative","Dickson","Queensland","Liberal Party of Australia","Office Administrative Costs","Office Consumables and Services","From 1 January 2017","","","","Flags 1 Jan to 31 Jan 17","","","1,044.30","31-Jan-2017","",""
"Peter Dutton","Representative","Dickson","Queensland","Liberal Party of Australia","Office Administrative Costs","Office Consumables and Services","From 1 January 2017","","","","Water refills 24 Jan 17","","","1.14","24-Jan-2017","",""
"Peter Dutton","Representative","Dickson","Queensland","Liberal Party of Australia","Office Administrative Costs","Office Consumables and Services","From 1 January 2017","","","","Water refills 24 Jan 17","","","26.60","24-Jan-2017","",""
"Peter Dutton","Representative","Dickson","Queensland","Liberal Party of Australia","Office Administrative Costs","Office Consumables and Services","From 1 January 2017","","","","MFD Colour copy charge 28 Jan to 27 Feb 17","","","526.68","27-Feb-2017","",""
"Peter Dutton","Representative","Dickson","Queensland","Liberal Party of Australia","Office Administrative Costs","Office Consumables and Services","From 1 January 2017","","","","MFD Monochrome copy charge 28 Jan to 27 Feb 17","","","38.25","27-Feb-2017","",""
"Peter Dutton","Representative","Dickson","Queensland","Liberal Party of Australia","Office Administrative Costs","Office Consumables and Services","From 1 January 2017","","","","Office requisites and stationery 1 Feb to 28 Feb 17","","","215.90","28-Feb-2017","",""
"Peter Dutton","Representative","Dickson","Queensland","Liberal Party of Australia","Office Administrative Costs","Office Consumables and Services","From 1 January 2017","","","","Flags 1 Feb to 28 Feb 17","","","1,187.82","28-Feb-2017","",""
"Peter Dutton","Representative","Dickson","Queensland","Liberal Party of Australia","Office Administrative Costs","Office Consumables and Services","From 1 January 2017","","","","Water refills 8 Feb 17 to 8 Feb 18","","","215.00","08-Feb-2017","",""
"Peter Dutton","Representative","Dickson","Queensland","Liberal Party of Australia","Office Administrative Costs","Office Consumables and Services","From 1 January 2017","","","","Water refills 16 Feb 17","","","1.14","16-Feb-2017","",""
"Peter Dutton","Representative","Dickson","Queensland","Liberal Party of Australia","Office Administrative Costs","Office Consumables and Services","From 1 January 2017","","","","Water refills 16 Feb 17","","","26.60","16-Feb-2017","",""
"Peter Dutton","Representative","Dickson","Queensland","Liberal Party of Australia","Office Administrative Costs","Office Consumables and Services","From 1 January 2017","","","","Water refills 17 Mar 17","","","26.60","17-Mar-2017","",""
"Peter Dutton","Representative","Dickson","Queensland","Liberal Party of Australia","Office Administrative Costs","Office Consumables and Services","From 1 January 2017","","","","Water refills 17 Mar 17","","","1.14","17-Mar-2017","",""
"Peter Dutton","Representative","Dickson","Queensland","Liberal Party of Australia","Office Administrative Costs","Office Consumables and Services","Before 1 January 2017","","","","Software reimbursement 2016/17","","","2,318.18","01-Jan-1900","",""
"Peter Dutton","Representative","Dickson","Queensland","Liberal Party of Australia","Office Administrative Costs","Office Consumables and Services","Before 1 January 2017","","","","MFD Monochrome copy charge 28 Nov to 27 Dec 16","","","130.67","27-Dec-2016","",""
"Peter Dutton","Representative","Dickson","Queensland","Liberal Party of Australia","Office Administrative Costs","Office Consumables and Services","Before 1 January 2017","","","","MFD Colour copy charge 28 Nov to 27 Dec 16","","","638.69","27-Dec-2016","",""
"Peter Dutton","Representative","Dickson","Queensland","Liberal Party of Australia","Office Administrative Costs","Office Consumables and Services","Before 1 January 2017","","","","Office requisites and stationery 1 Dec to 31 Dec 16","","","263.83","31-Dec-2016","",""
"Peter Dutton","Representative","Dickson","Queensland","Liberal Party of Australia","Office Administrative Costs","Office Consumables and Services","Before 1 January 2017","","","","Water refills 16 Dec 16","","","39.90","16-Dec-2016","",""
"Peter Dutton","Representative","Dickson","Queensland","Liberal Party of Australia","Office Administrative Costs","Office Consumables and Services","Before 1 January 2017","","","","Water refills 16 Dec 16","","","1.14","16-Dec-2016","",""
"Peter Dutton","Representative","Dickson","Queensland","Liberal Party of Australia","Office Administrative Costs","Office Consumables and Services","Before 1 January 2017","","","","MFD Monochrome copy charge 28 Dec 16 to 27 Jan 17","","","28.04","28-Dec-2016","",""
"Peter Dutton","Representative","Dickson","Queensland","Liberal Party of Australia","Office Administrative Costs","Office Consumables and Services","Before 1 January 2017","","","","MFD Colour copy charge 28 Dec 16 to 27 Jan 17","","","10.27","28-Dec-2016","",""
"Peter Dutton","Representative","Dickson","Queensland","Liberal Party of Australia","Office Administrative Costs","Printing and Communications","From 1 January 2017","","","","Distribution 1 Jan to 31 Jan 17","","","454.55","31-Jan-2017","",""
"Peter Dutton","Representative","Dickson","Queensland","Liberal Party of Australia","Office Administrative Costs","Printing and Communications","From 1 January 2017","","","","Distribution credit 1 Jan to 31 Jan 17","","","-11.36","31-Jan-2017","",""
"Peter Dutton","Representative","Dickson","Queensland","Liberal Party of Australia","Office Administrative Costs","Printing and Communications","From 1 January 2017","","","","1 Printed item 1 Jan 17","","","150.00","01-Jan-2017","",""
"Peter Dutton","Representative","Dickson","Queensland","Liberal Party of Australia","Office Administrative Costs","Printing and Communications","From 1 January 2017","","","","1 Printed item 1 Jan 17","","","100.00","01-Jan-2017","",""
"Peter Dutton","Representative","Dickson","Queensland","Liberal Party of Australia","Office Administrative Costs","Printing and Communications","From 1 January 2017","","","","1 Printed item 1 Jan 17","","","100.00","01-Jan-2017","",""
"Peter Dutton","Representative","Dickson","Queensland","Liberal Party of Australia","Office Administrative Costs","Printing and Communications","From 1 January 2017","","","","e-material 7 Jan 17","","","189.08","07-Jan-2017","",""
"Peter Dutton","Representative","Dickson","Queensland","Liberal Party of Australia","Office Administrative Costs","Printing and Communications","From 1 January 2017","","","","1 Printed item 1 Feb 17","","","150.00","01-Feb-2017","",""
"Peter Dutton","Representative","Dickson","Queensland","Liberal Party of Australia","Office Administrative Costs","Printing and Communications","From 1 January 2017","","","","Distribution 1 Feb to 28 Feb 17","","","1,526.40","28-Feb-2017","",""
"Peter Dutton","Representative","Dickson","Queensland","Liberal Party of Australia","Office Administrative Costs","Printing and Communications","From 1 January 2017","","","","Distribution credit 1 Feb to 28 Feb 17","","","-11.36","28-Feb-2017","",""
"Peter Dutton","Representative","Dickson","Queensland","Liberal Party of Australia","Office Administrative Costs","Printing and Communications","From 1 January 2017","","","","1 Printed item 6 Feb 17","","","90.00","06-Feb-2017","",""
"Peter Dutton","Representative","Dickson","Queensland","Liberal Party of Australia","Office Administrative Costs","Printing and Communications","From 1 January 2017","","","","e-material 7 Feb 17","","","198.71","07-Feb-2017","",""
"Peter Dutton","Representative","Dickson","Queensland","Liberal Party of Australia","Office Administrative Costs","Printing and Communications","From 1 January 2017","","","","1 Printed item 10 Feb 17","","","84.00","10-Feb-2017","",""
"Peter Dutton","Representative","Dickson","Queensland","Liberal Party of Australia","Office Administrative Costs","Printing and Communications","From 1 January 2017","","","","1 Printed item 23 Feb 17","","","465.00","23-Feb-2017","",""
"Peter Dutton","Representative","Dickson","Queensland","Liberal Party of Australia","Office Administrative Costs","Printing and Communications","From 1 January 2017","","","","1 Printed item 1 Mar 17","","","100.00","01-Mar-2017","",""
"Peter Dutton","Representative","Dickson","Queensland","Liberal Party of Australia","Office Administrative Costs","Printing and Communications","From 1 January 2017","","","","1 Printed item 6 Mar 17","","","150.00","06-Mar-2017","",""
"Peter Dutton","Representative","Dickson","Queensland","Liberal Party of Australia","Office Administrative Costs","Printing and Communications","From 1 January 2017","","","","1 Printed item 6 Mar 17","","","90.00","06-Mar-2017","",""
"Peter Dutton","Representative","Dickson","Queensland","Liberal Party of Australia","Office Administrative Costs","Printing and Communications","From 1 January 2017","","","","PO Box 2012 rental 1 Apr 17 to 31 Mar 18","","","271.82","01-Apr-2017","",""
"Peter Dutton","Representative","Dickson","Queensland","Liberal Party of Australia","Office Administrative Costs","Printing and Communications","Before 1 January 2017","","","","1 Printed item 1 Nov 16","","","90.00","01-Nov-2016","",""
"Peter Dutton","Representative","Dickson","Queensland","Liberal Party of Australia","Office Administrative Costs","Printing and Communications","Before 1 January 2017","","","","1 Printed item 12 Nov 16","","","213.64","12-Nov-2016","",""
"Peter Dutton","Representative","Dickson","Queensland","Liberal Party of Australia","Office Administrative Costs","Printing and Communications","Before 1 January 2017","","","","Distribution credit 1 Dec to 31 Dec 16","","","-22.73","31-Dec-2016","",""
"Peter Dutton","Representative","Dickson","Queensland","Liberal Party of Australia","Office Administrative Costs","Printing and Communications","Before 1 January 2017","","","","Distribution 1 Dec to 31 Dec 16","","","8,952.24","31-Dec-2016","",""
"Peter Dutton","Representative","Dickson","Queensland","Liberal Party of Australia","Office Administrative Costs","Printing and Communications","Before 1 January 2017","","","","1 Printed item 2 Dec 16","","","84.00","02-Dec-2016","",""
"Peter Dutton","Representative","Dickson","Queensland","Liberal Party of Australia","Office Administrative Costs","Printing and Communications","Before 1 January 2017","","","","1 Printed item 5 Dec 16","","","100.00","05-Dec-2016","",""
"Peter Dutton","Representative","Dickson","Queensland","Liberal Party of Australia","Office Administrative Costs","Printing and Communications","Before 1 January 2017","","","","1 Printed item 5 Dec 16","","","90.00","05-Dec-2016","",""
"Peter Dutton","Representative","Dickson","Queensland","Liberal Party of Australia","Office Administrative Costs","Printing and Communications","Before 1 January 2017","","","","1 Printed item 8 Dec 16","","","92.53","08-Dec-2016","",""
"Peter Dutton","Representative","Dickson","Queensland","Liberal Party of Australia","Office Administrative Costs","Printing and Communications","Before 1 January 2017","","","","1 Printed item 8 Dec 16","","","409.09","08-Dec-2016","",""
"Peter Dutton","Representative","Dickson","Queensland","Liberal Party of Australia","Office Administrative Costs","Printing and Communications","Before 1 January 2017","","","","Distribution 13 Dec 16","","","2,000.00","13-Dec-2016","",""
"Peter Dutton","Representative","Dickson","Queensland","Liberal Party of Australia","Office Administrative Costs","Printing and Communications","Before 1 January 2017","","","","120,200 Printed items 13 Dec 16","","","21,256.02","13-Dec-2016","",""
"Peter Dutton","Representative","Dickson","Queensland","Liberal Party of Australia","Office Administrative Costs","Printing and Communications","Before 1 January 2017","","","","1 Printed item 15 Dec 16","","","181.82","15-Dec-2016","",""
"Peter Dutton","Representative","Dickson","Queensland","Liberal Party of Australia","Office Administrative Costs","Printing and Communications","Before 1 January 2017","","","","1 Printed item 23 Dec 16","","","400.00","23-Dec-2016","",""
"Peter Dutton","Representative","Dickson","Queensland","Liberal Party of Australia","Office Administrative Costs","Publications","From 1 January 2017","","","","15 The Courier Mail 9 Jan to 5 Feb 17","","","20.45","05-Feb-2017","",""
"Peter Dutton","Representative","Dickson","Queensland","Liberal Party of Australia","Office Administrative Costs","Publications","From 1 January 2017","","","","Administrative fees 9 Jan to 5 Feb 17","","","4.09","05-Feb-2017","",""
"Peter Dutton","Representative","Dickson","Queensland","Liberal Party of Australia","Office Administrative Costs","Publications","From 1 January 2017","","","","2 The Weekend Australian 9 Jan to 5 Feb 17","","","6.36","05-Feb-2017","",""
"Peter Dutton","Representative","Dickson","Queensland","Liberal Party of Australia","Office Administrative Costs","Publications","From 1 January 2017","","","","2 The Courier Mail (Sat) 9 Jan to 5 Feb 17","","","4.55","05-Feb-2017","",""
"Peter Dutton","Representative","Dickson","Queensland","Liberal Party of Australia","Office Administrative Costs","Publications","From 1 January 2017","","","","15 The Australian 9 Jan to 5 Feb 17","","","36.82","05-Feb-2017","",""
"Peter Dutton","Representative","Dickson","Queensland","Liberal Party of Australia","Office Administrative Costs","Publications","From 1 January 2017","","","","2 The Sunday Mail 9 Jan to 5 Feb 17","","","5.45","05-Feb-2017","",""
"Peter Dutton","Representative","Dickson","Queensland","Liberal Party of Australia","Office Administrative Costs","Publications","From 1 January 2017","","","","1 The Courier Mail (Sat) 6 Feb to 19 Feb 17","","","2.27","19-Feb-2017","",""
"Peter Dutton","Representative","Dickson","Queensland","Liberal Party of Australia","Office Administrative Costs","Publications","From 1 January 2017","","","","1 The Sunday Mail 6 Feb to 19 Feb 17","","","2.73","19-Feb-2017","",""
"Peter Dutton","Representative","Dickson","Queensland","Liberal Party of Australia","Office Administrative Costs","Publications","From 1 January 2017","","","","1 The Weekend Australian 6 Feb to 19 Feb 17","","","3.18","19-Feb-2017","",""
"Peter Dutton","Representative","Dickson","Queensland","Liberal Party of Australia","Office Administrative Costs","Publications","From 1 January 2017","","","","5 The Australian 6 Feb to 19 Feb 17","","","13.64","19-Feb-2017","",""
"Peter Dutton","Representative","Dickson","Queensland","Liberal Party of Australia","Office Administrative Costs","Publications","From 1 January 2017","","","","5 The Courier Mail 6 Feb to 19 Feb 17","","","6.82","19-Feb-2017","",""
"Peter Dutton","Representative","Dickson","Queensland","Liberal Party of Australia","Office Administrative Costs","Publications","From 1 January 2017","","","","Administrative fees 6 Feb to 19 Feb 17","","","1.14","19-Feb-2017","",""
"Peter Dutton","Representative","Dickson","Queensland","Liberal Party of Australia","Office Administrative Costs","Publications","From 1 January 2017","","","","10 The Australian 20 Feb to 5 Mar 17","","","27.27","05-Mar-2017","",""
"Peter Dutton","Representative","Dickson","Queensland","Liberal Party of Australia","Office Administrative Costs","Publications","From 1 January 2017","","","","Administrative fees 20 Feb to 5 Mar 17","","","2.27","05-Mar-2017","",""
"Peter Dutton","Representative","Dickson","Queensland","Liberal Party of Australia","Office Administrative Costs","Publications","From 1 January 2017","","","","2 The Courier Mail (Sat) 20 Feb to 5 Mar 17","","","4.55","05-Mar-2017","",""
"Peter Dutton","Representative","Dickson","Queensland","Liberal Party of Australia","Office Administrative Costs","Publications","From 1 January 2017","","","","2 The Sunday Mail 20 Feb to 5 Mar 17","","","5.45","05-Mar-2017","",""
"Peter Dutton","Representative","Dickson","Queensland","Liberal Party of Australia","Office Administrative Costs","Publications","From 1 January 2017","","","","2 The Weekend Australian 20 Feb to 5 Mar 17","","","6.36","05-Mar-2017","",""
"Peter Dutton","Representative","Dickson","Queensland","Liberal Party of Australia","Office Administrative Costs","Publications","From 1 January 2017","","","","10 The Courier Mail 20 Feb to 5 Mar 17","","","13.64","05-Mar-2017","",""
"Peter Dutton","Representative","Dickson","Queensland","Liberal Party of Australia","Office Administrative Costs","Publications","Before 1 January 2017","","","","20 The Australian 14 Nov to 11 Dec 16","","","49.09","11-Dec-2016","",""
"Peter Dutton","Representative","Dickson","Queensland","Liberal Party of Australia","Office Administrative Costs","Publications","Before 1 January 2017","","","","4 The Sunday Mail 14 Nov to 11 Dec 16","","","10.91","11-Dec-2016","",""
"Peter Dutton","Representative","Dickson","Queensland","Liberal Party of Australia","Office Administrative Costs","Publications","Before 1 January 2017","","","","4 The Courier Mail (Sat) 14 Nov to 11 Dec 16","","","9.09","11-Dec-2016","",""
"Peter Dutton","Representative","Dickson","Queensland","Liberal Party of Australia","Office Administrative Costs","Publications","Before 1 January 2017","","","","4 The Weekend Australian 14 Nov to 11 Dec 16","","","12.73","11-Dec-2016","",""
"Peter Dutton","Representative","Dickson","Queensland","Liberal Party of Australia","Office Administrative Costs","Publications","Before 1 January 2017","","","","20 The Courier Mail 14 Nov to 11 Dec 16","","","27.27","11-Dec-2016","",""
"Peter Dutton","Representative","Dickson","Queensland","Liberal Party of Australia","Office Administrative Costs","Publications","Before 1 January 2017","","","","Administrative fees 14 Nov to 11 Dec 16","","","4.55","11-Dec-2016","",""
"Peter Dutton","Representative","Dickson","Queensland","Liberal Party of Australia","Office Administrative Costs","Publications","Before 1 January 2017","","","","3 The Sunday Mail 12 Dec 16 to 8 Jan 17","","","8.18","12-Dec-2016","",""
"Peter Dutton","Representative","Dickson","Queensland","Liberal Party of Australia","Office Administrative Costs","Publications","Before 1 January 2017","","","","Administrative fees 12 Dec 16 to 8 Jan 17","","","5.59","12-Dec-2016","",""
"Peter Dutton","Representative","Dickson","Queensland","Liberal Party of Australia","Office Administrative Costs","Publications","Before 1 January 2017","","","","4 The Courier Mail (Sat) 12 Dec 16 to 8 Jan 17","","","9.09","12-Dec-2016","",""
"Peter Dutton","Representative","Dickson","Queensland","Liberal Party of Australia","Office Administrative Costs","Publications","Before 1 January 2017","","","","20 The Courier Mail 12 Dec 16 to 8 Jan 17","","","27.27","12-Dec-2016","",""
"Peter Dutton","Representative","Dickson","Queensland","Liberal Party of Australia","Office Administrative Costs","Publications","Before 1 January 2017","","","","20 The Australian 12 Dec 16 to 8 Jan 17","","","49.09","12-Dec-2016","",""
"Peter Dutton","Representative","Dickson","Queensland","Liberal Party of Australia","Office Administrative Costs","Publications","Before 1 January 2017","","","","4 The Weekend Australian 12 Dec 16 to 8 Jan 17","","","12.73","12-Dec-2016","",""
"Peter Dutton","Representative","Dickson","Queensland","Liberal Party of Australia","Telecommunications","Telecommunications - Usage","From 1 January 2017","","","","Office phones 21 Jan 17","","","212.41","21-Jan-2017","",""
"Peter Dutton","Representative","Dickson","Queensland","Liberal Party of Australia","Telecommunications","Telecommunications - Usage","From 1 January 2017","","","","Office fax 21 Jan 17","","","34.24","21-Jan-2017","",""
"Peter Dutton","Representative","Dickson","Queensland","Liberal Party of Australia","Telecommunications","Telecommunications - Usage","From 1 January 2017","","","","Office phones 21 Feb 17","","","252.51","21-Feb-2017","",""
"Peter Dutton","Representative","Dickson","Queensland","Liberal Party of Australia","Telecommunications","Telecommunications - Usage","From 1 January 2017","","","","Office fax 21 Feb 17","","","32.14","21-Feb-2017","",""
"Peter Dutton","Representative","Dickson","Queensland","Liberal Party of Australia","Telecommunications","Telecommunications - Usage","From 1 January 2017","","","","Office phones 21 Mar 17","","","227.53","21-Mar-2017","",""
"Peter Dutton","Representative","Dickson","Queensland","Liberal Party of Australia","Telecommunications","Telecommunications - Usage","From 1 January 2017","","","","Office fax 21 Mar 17","","","32.50","21-Mar-2017","",""
"Peter Dutton","Representative","Dickson","Queensland","Liberal Party of Australia","Telecommunications","Telecommunications - Usage","Before 1 January 2017","","","","Office phones 21 Dec 16","","","267.58","21-Dec-2016","",""
"Peter Dutton","Representative","Dickson","Queensland","Liberal Party of Australia","Telecommunications","Telecommunications - Usage","Before 1 January 2017","","","","Office fax 21 Dec 16","","","32.14","21-Dec-2016","",""
"Peter Dutton","Representative","Dickson","Queensland","Liberal Party of Australia","Family Travel Costs","Family Traveller Domestic Scheduled Fares","From 1 January 2017","","","","3 Jan 17 - Brisbane to Sydney","","","816.07","03-Jan-2017","",""
"Peter Dutton","Representative","Dickson","Queensland","Liberal Party of Australia","Family Travel Costs","Family Traveller Domestic Scheduled Fares","From 1 January 2017","","","","5 Jan 17 - Sydney to Brisbane","","","816.07","05-Jan-2017","",""
