"Name","MemberType","Electorate","State","Party","Category","SubCategory","Period","Date From","Date To","Location","Details","Nights","Rate","Spouse","Amount","Date","Notes","Type"
"Warren Truss","Representative","Wide Bay","Queensland","The Nationals","Travelling Allowance","Parliamentary Travelling Allowance","From 1 January 2016","18 Jan 16","18 Jan 16","Wodonga","Prime Minister","1","564.00","","564.00","18-Jan-2016","",""
"Warren Truss","Representative","Wide Bay","Queensland","The Nationals","Travelling Allowance","Parliamentary Travelling Allowance","From 1 January 2016","19 Jan 16","19 Jan 16","Canberra","Prime Minister","1","564.00","","564.00","19-Jan-2016","",""
"Warren Truss","Representative","Wide Bay","Queensland","The Nationals","Travelling Allowance","Parliamentary Travelling Allowance","From 1 January 2016","20 Jan 16","20 Jan 16","Townsville","Prime Minister","1","564.00","","564.00","20-Jan-2016","",""
"Warren Truss","Representative","Wide Bay","Queensland","The Nationals","Travelling Allowance","Parliamentary Travelling Allowance","From 1 January 2016","21 Jan 16","22 Jan 16","Melbourne","Deputy Prime Minister - Official Business","2","438.00","","876.00","21-Jan-2016","",""
"Warren Truss","Representative","Wide Bay","Queensland","The Nationals","Travelling Allowance","Parliamentary Travelling Allowance","From 1 January 2016","27 Jan 16","27 Jan 16","Canberra","Deputy Prime Minister - Official Business","1","273.00","","273.00","27-Jan-2016","",""
"Warren Truss","Representative","Wide Bay","Queensland","The Nationals","Travelling Allowance","Parliamentary Travelling Allowance","From 1 January 2016","28 Jan 16","28 Jan 16","Sydney","Deputy Prime Minister - Official Business","1","438.00","","438.00","28-Jan-2016","",""
"Warren Truss","Representative","Wide Bay","Queensland","The Nationals","Travelling Allowance","Parliamentary Travelling Allowance","From 1 January 2016","31 Jan 16","4 Feb 16","Canberra","Sittings of Parliament","5","273.00","40.00","1,405.00","31-Jan-2016","",""
"Warren Truss","Representative","Wide Bay","Queensland","The Nationals","Travelling Allowance","Parliamentary Travelling Allowance","From 1 January 2016","7 Feb 16","11 Feb 16","Canberra","Sittings of Parliament","5","273.00","20.00","1,385.00","07-Feb-2016","",""
"Warren Truss","Representative","Wide Bay","Queensland","The Nationals","Travelling Allowance","Parliamentary Travelling Allowance","From 1 January 2016","12 Feb 16","12 Feb 16","Canberra","Deputy Prime Minister - Official Business","1","273.00","10.00","283.00","12-Feb-2016","",""
"Warren Truss","Representative","Wide Bay","Queensland","The Nationals","Travelling Allowance","Parliamentary Travelling Allowance","From 1 January 2016","21 Feb 16","25 Feb 16","Canberra","Sittings of Parliament","5","273.00","","1,365.00","21-Feb-2016","",""
"Warren Truss","Representative","Wide Bay","Queensland","The Nationals","Travelling Allowance","Parliamentary Travelling Allowance","From 1 January 2016","26 Feb 16","26 Feb 16","Brisbane","Parliamentary Political Party Meeting","1","408.00","","408.00","26-Feb-2016","",""
"Warren Truss","Representative","Wide Bay","Queensland","The Nationals","Travelling Allowance","Parliamentary Travelling Allowance","From 1 January 2016","28 Feb 16","2 Mar 16","Canberra","Sittings of Parliament","4","273.00","","1,092.00","28-Feb-2016","",""
"Warren Truss","Representative","Wide Bay","Queensland","The Nationals","Travelling Allowance","Parliamentary Travelling Allowance","From 1 January 2016","7 Mar 16","7 Mar 16","Gympie","Electorate Business","1","258.00","","258.00","07-Mar-2016","",""
"Warren Truss","Representative","Wide Bay","Queensland","The Nationals","Travelling Allowance","Parliamentary Travelling Allowance","From 1 January 2016","14 Mar 16","17 Mar 16","Canberra","Sittings of Parliament","4","273.00","","1,092.00","14-Mar-2016","",""
"Warren Truss","Representative","Wide Bay","Queensland","The Nationals","Travelling Allowance","Parliamentary Travelling Allowance","From 1 January 2016","4 Apr 16","4 Apr 16","Noosaville","Electorate Business","1","258.00","","258.00","04-Apr-2016","",""
"Warren Truss","Representative","Wide Bay","Queensland","The Nationals","Travelling Allowance","Parliamentary Travelling Allowance","From 1 January 2016","9 Apr 16","9 Apr 16","Gympie","Electorate Business","1","258.00","","258.00","09-Apr-2016","",""
"Warren Truss","Representative","Wide Bay","Queensland","The Nationals","Travelling Allowance","Parliamentary Travelling Allowance","From 1 January 2016","17 Apr 16","19 Apr 16","Canberra","Sittings of Parliament","3","273.00","","819.00","17-Apr-2016","",""
"Warren Truss","Representative","Wide Bay","Queensland","The Nationals","Travelling Allowance","Parliamentary Travelling Allowance","From 1 January 2016","24 Apr 16","24 Apr 16","Gympie","Electorate Business","1","258.00","","258.00","24-Apr-2016","",""
"Warren Truss","Representative","Wide Bay","Queensland","The Nationals","Travelling Allowance","Parliamentary Travelling Allowance","From 1 January 2016","27 Apr 16","27 Apr 16","Perth","Representing Minister or Presiding Officer","1","411.00","","411.00","27-Apr-2016","",""
"Warren Truss","Representative","Wide Bay","Queensland","The Nationals","Travelling Allowance","Parliamentary Travelling Allowance","From 1 January 2016","1 May 16","6 May 16","Canberra","Sittings of Parliament","6","273.00","","1,638.00","01-May-2016","",""
"Warren Truss","Representative","Wide Bay","Queensland","The Nationals","Travelling Allowance","Parliamentary Travelling Allowance","From 1 January 2016","8 May 16","8 May 16","Coonabarabran","Electorate Business","1","258.00","","258.00","08-May-2016","",""
"Warren Truss","Representative","Wide Bay","Queensland","The Nationals","Travelling Allowance","Parliamentary Travelling Allowance","Before 1 January 2016","22 Nov 15","22 Nov 15","Canberra","Prime Minister","1","564.00","10.00","574.00","22-Nov-2015","",""
"Warren Truss","Representative","Wide Bay","Queensland","The Nationals","Travelling Allowance","Parliamentary Travelling Allowance","Before 1 January 2016","23 Nov 15","25 Nov 15","Canberra","Sittings of Parliament","3","273.00","30.00","849.00","23-Nov-2015","",""
"Warren Truss","Representative","Wide Bay","Queensland","The Nationals","Travelling Allowance","Parliamentary Travelling Allowance","Before 1 January 2016","26 Nov 15","26 Nov 15","Melbourne","Prime Minister","1","564.00","","564.00","26-Nov-2015","",""
"Warren Truss","Representative","Wide Bay","Queensland","The Nationals","Travelling Allowance","Parliamentary Travelling Allowance","Before 1 January 2016","29 Nov 15","1 Dec 15","Canberra","Prime Minister","3","564.00","30.00","1,722.00","29-Nov-2015","",""
"Warren Truss","Representative","Wide Bay","Queensland","The Nationals","Travelling Allowance","Parliamentary Travelling Allowance","Before 1 January 2016","2 Dec 15","3 Dec 15","Canberra","Sittings of Parliament","2","273.00","20.00","566.00","02-Dec-2015","",""
"Warren Truss","Representative","Wide Bay","Queensland","The Nationals","Travelling Allowance","Parliamentary Travelling Allowance","Before 1 January 2016","6 Dec 15","6 Dec 15","Toowoomba","Deputy Prime Minister - Official Business","1","368.00","","368.00","06-Dec-2015","",""
"Warren Truss","Representative","Wide Bay","Queensland","The Nationals","Travelling Allowance","Parliamentary Travelling Allowance","Before 1 January 2016","7 Dec 15","8 Dec 15","Sydney","Deputy Prime Minister - Official Business","2","438.00","10.00","886.00","07-Dec-2015","",""
"Warren Truss","Representative","Wide Bay","Queensland","The Nationals","Travelling Allowance","Parliamentary Travelling Allowance","Before 1 January 2016","17 Dec 15","17 Dec 15","Ballina","Prime Minister","1","564.00","","564.00","17-Dec-2015","",""
"Warren Truss","Representative","Wide Bay","Queensland","The Nationals","Domestic Scheduled Fares","Fares","From 1 January 2016","","","","1 Jan 16 - Sydney to Brisbane","","","","1,025.22","01-Jan-2016","",""
"Warren Truss","Representative","Wide Bay","Queensland","The Nationals","Domestic Scheduled Fares","Fares","From 1 January 2016","","","","1 Jan 16 - Brisbane to Hervey Bay","","","","","01-Jan-2016","",""
"Warren Truss","Representative","Wide Bay","Queensland","The Nationals","Domestic Scheduled Fares","Fares","From 1 January 2016","","","","15 Jan 16 - Hervey Bay to Brisbane","","","","284.20","15-Jan-2016","",""
"Warren Truss","Representative","Wide Bay","Queensland","The Nationals","Domestic Scheduled Fares","Fares","From 1 January 2016","","","","24 Jan 16 - Melbourne to Brisbane","","","","1,328.18","24-Jan-2016","",""
"Warren Truss","Representative","Wide Bay","Queensland","The Nationals","Domestic Scheduled Fares","Fares","From 1 January 2016","","","","24 Jan 16 - Brisbane to Hervey Bay","","","","","24-Jan-2016","",""
"Warren Truss","Representative","Wide Bay","Queensland","The Nationals","Domestic Scheduled Fares","Fares","From 1 January 2016","","","","27 Jan 16 - Hervey Bay to Brisbane","","","","1,442.54","27-Jan-2016","",""
"Warren Truss","Representative","Wide Bay","Queensland","The Nationals","Domestic Scheduled Fares","Fares","From 1 January 2016","","","","27 Jan 16 - Brisbane to Adelaide","","","","","27-Jan-2016","",""
"Warren Truss","Representative","Wide Bay","Queensland","The Nationals","Domestic Scheduled Fares","Fares","From 1 January 2016","","","","27 Jan 16 - Adelaide to Canberra","","","","834.00","27-Jan-2016","",""
"Warren Truss","Representative","Wide Bay","Queensland","The Nationals","Domestic Scheduled Fares","Fares","From 1 January 2016","","","","28 Jan 16 - Canberra to Sydney","","","","328.20","28-Jan-2016","",""
"Warren Truss","Representative","Wide Bay","Queensland","The Nationals","Domestic Scheduled Fares","Fares","From 1 January 2016","","","","29 Jan 16 - Sydney to Brisbane","","","","966.98","29-Jan-2016","",""
"Warren Truss","Representative","Wide Bay","Queensland","The Nationals","Domestic Scheduled Fares","Fares","From 1 January 2016","","","","29 Jan 16 - Brisbane to Hervey Bay","","","","","29-Jan-2016","",""
"Warren Truss","Representative","Wide Bay","Queensland","The Nationals","Domestic Scheduled Fares","Fares","From 1 January 2016","","","","31 Jan 16 - Hervey Bay to Sydney","","","","760.39","31-Jan-2016","",""
"Warren Truss","Representative","Wide Bay","Queensland","The Nationals","Domestic Scheduled Fares","Fares","From 1 January 2016","","","","31 Jan 16 - Sydney to Canberra","","","","","31-Jan-2016","",""
"Warren Truss","Representative","Wide Bay","Queensland","The Nationals","Domestic Scheduled Fares","Fares","From 1 January 2016","","","","5 Feb 16 - Canberra to Sydney","","","","1,104.15","05-Feb-2016","",""
"Warren Truss","Representative","Wide Bay","Queensland","The Nationals","Domestic Scheduled Fares","Fares","From 1 January 2016","","","","5 Feb 16 - Sydney to Brisbane","","","","","05-Feb-2016","",""
"Warren Truss","Representative","Wide Bay","Queensland","The Nationals","Domestic Scheduled Fares","Fares","From 1 January 2016","","","","7 Feb 16 - Hervey Bay to Sydney","","","","895.49","07-Feb-2016","",""
"Warren Truss","Representative","Wide Bay","Queensland","The Nationals","Domestic Scheduled Fares","Fares","From 1 January 2016","","","","7 Feb 16 - Sydney to Canberra","","","","","07-Feb-2016","",""
"Warren Truss","Representative","Wide Bay","Queensland","The Nationals","Domestic Scheduled Fares","Fares","From 1 January 2016","","","","13 Feb 16 - Canberra to Sydney","","","","337.14","13-Feb-2016","",""
"Warren Truss","Representative","Wide Bay","Queensland","The Nationals","Domestic Scheduled Fares","Fares","From 1 January 2016","","","","13 Feb 16 - Sydney to Hervey Bay","","","","","13-Feb-2016","",""
"Warren Truss","Representative","Wide Bay","Queensland","The Nationals","Domestic Scheduled Fares","Fares","From 1 January 2016","","","","21 Feb 16 - Hervey Bay to Sydney","","","","613.51","21-Feb-2016","",""
"Warren Truss","Representative","Wide Bay","Queensland","The Nationals","Domestic Scheduled Fares","Fares","From 1 January 2016","","","","21 Feb 16 - Sydney to Canberra","","","","","21-Feb-2016","",""
"Warren Truss","Representative","Wide Bay","Queensland","The Nationals","Domestic Scheduled Fares","Fares","From 1 January 2016","","","","26 Feb 16 - Canberra to Brisbane","","","","1,082.96","26-Feb-2016","",""
"Warren Truss","Representative","Wide Bay","Queensland","The Nationals","Domestic Scheduled Fares","Fares","From 1 January 2016","","","","27 Feb 16 - Brisbane to Hervey Bay","","","","","27-Feb-2016","",""
"Warren Truss","Representative","Wide Bay","Queensland","The Nationals","Domestic Scheduled Fares","Fares","From 1 January 2016","","","","28 Feb 16 - Hervey Bay to Brisbane","","","","1,071.81","28-Feb-2016","",""
"Warren Truss","Representative","Wide Bay","Queensland","The Nationals","Domestic Scheduled Fares","Fares","From 1 January 2016","","","","28 Feb 16 - Brisbane to Canberra","","","","","28-Feb-2016","",""
"Warren Truss","Representative","Wide Bay","Queensland","The Nationals","Domestic Scheduled Fares","Fares","From 1 January 2016","","","","3 Mar 16 - Canberra to Brisbane","","","","1,253.62","03-Mar-2016","",""
"Warren Truss","Representative","Wide Bay","Queensland","The Nationals","Domestic Scheduled Fares","Fares","From 1 January 2016","","","","4 Mar 16 - Brisbane to Hervey Bay","","","","","04-Mar-2016","",""
"Warren Truss","Representative","Wide Bay","Queensland","The Nationals","Domestic Scheduled Fares","Fares","From 1 January 2016","","","","14 Mar 16 - Hervey Bay to Brisbane","","","","1,081.58","14-Mar-2016","",""
"Warren Truss","Representative","Wide Bay","Queensland","The Nationals","Domestic Scheduled Fares","Fares","From 1 January 2016","","","","14 Mar 16 - Brisbane to Canberra","","","","","14-Mar-2016","",""
"Warren Truss","Representative","Wide Bay","Queensland","The Nationals","Domestic Scheduled Fares","Fares","From 1 January 2016","","","","18 Mar 16 - Canberra to Brisbane","","","","1,081.58","18-Mar-2016","",""
"Warren Truss","Representative","Wide Bay","Queensland","The Nationals","Domestic Scheduled Fares","Fares","From 1 January 2016","","","","18 Mar 16 - Brisbane to Hervey Bay","","","","","18-Mar-2016","",""
"Warren Truss","Representative","Wide Bay","Queensland","The Nationals","Domestic Scheduled Fares","Fares","From 1 January 2016","","","","9 Apr 16 - Hervey Bay to Brisbane","","","","966.98","09-Apr-2016","",""
"Warren Truss","Representative","Wide Bay","Queensland","The Nationals","Domestic Scheduled Fares","Fares","From 1 January 2016","","","","9 Apr 16 - Brisbane to Sydney","","","","","09-Apr-2016","",""
"Warren Truss","Representative","Wide Bay","Queensland","The Nationals","Domestic Scheduled Fares","Fares","From 1 January 2016","","","","9 Apr 16 - Sydney to Brisbane","","","","781.48","09-Apr-2016","",""
"Warren Truss","Representative","Wide Bay","Queensland","The Nationals","Domestic Scheduled Fares","Fares","From 1 January 2016","","","","17 Apr 16 - Hervey Bay to Sydney","","","","895.49","17-Apr-2016","",""
"Warren Truss","Representative","Wide Bay","Queensland","The Nationals","Domestic Scheduled Fares","Fares","From 1 January 2016","","","","17 Apr 16 - Sydney to Canberra","","","","","17-Apr-2016","",""
"Warren Truss","Representative","Wide Bay","Queensland","The Nationals","Domestic Scheduled Fares","Fares","From 1 January 2016","","","","20 Apr 16 - Canberra to Sydney","","","","337.14","20-Apr-2016","",""
"Warren Truss","Representative","Wide Bay","Queensland","The Nationals","Domestic Scheduled Fares","Fares","From 1 January 2016","","","","20 Apr 16 - Sydney to Hervey Bay","","","","","20-Apr-2016","",""
"Warren Truss","Representative","Wide Bay","Queensland","The Nationals","Domestic Scheduled Fares","Fares","From 1 January 2016","","","","27 Apr 16 - Hervey Bay to Brisbane","","","","2,471.80","27-Apr-2016","",""
"Warren Truss","Representative","Wide Bay","Queensland","The Nationals","Domestic Scheduled Fares","Fares","From 1 January 2016","","","","27 Apr 16 - Brisbane to Perth","","","","","27-Apr-2016","",""
"Warren Truss","Representative","Wide Bay","Queensland","The Nationals","Domestic Scheduled Fares","Fares","From 1 January 2016","","","","28 Apr 16 - Perth to Brisbane","","","","2,471.80","28-Apr-2016","",""
"Warren Truss","Representative","Wide Bay","Queensland","The Nationals","Domestic Scheduled Fares","Fares","From 1 January 2016","","","","29 Apr 16 - Brisbane to Hervey Bay","","","","","29-Apr-2016","",""
"Warren Truss","Representative","Wide Bay","Queensland","The Nationals","Domestic Scheduled Fares","Fares","From 1 January 2016","","","","1 May 16 - Hervey Bay to Sydney","","","","895.49","01-May-2016","",""
"Warren Truss","Representative","Wide Bay","Queensland","The Nationals","Domestic Scheduled Fares","Fares","From 1 January 2016","","","","1 May 16 - Sydney to Canberra","","","","","01-May-2016","",""
"Warren Truss","Representative","Wide Bay","Queensland","The Nationals","Domestic Scheduled Fares","Fares","Before 1 January 2016","","","","31 Dec 15 - Hervey Bay to Sydney","","","","237.15","31-Dec-2015","",""
"Warren Truss","Representative","Wide Bay","Queensland","The Nationals","Charter","Office Holder","From 1 January 2016","","","","Brisbane to Hervey Bay 15 Jan 16","","","","3,909.09","15-Jan-2016","",""
"Warren Truss","Representative","Wide Bay","Queensland","The Nationals","Charter","Office Holder","Before 1 January 2016","","","","Maryborough to Rockhampton 11 Dec 15","","","","6,990.00","11-Dec-2015","",""
"Warren Truss","Representative","Wide Bay","Queensland","The Nationals","Charter","Office Holder","Before 1 January 2016","","","","Heldow Airfield Mulara to Maryborough 11 Dec 15","","","","","11-Dec-2015","",""
"Warren Truss","Representative","Wide Bay","Queensland","The Nationals","Charter","Leader of a Minority Party","Before 1 January 2016","","","","Maryborough to Toowoomba 6 Dec 15","","","","3,181.82","06-Dec-2015","",""
"Warren Truss","Representative","Wide Bay","Queensland","The Nationals","Car Costs","Private-Plated Vehicle","From 1 January 2016","","","","Fuel 8 Jan to 25 Jan 16","","","","97.05","25-Jan-2016","",""
"Warren Truss","Representative","Wide Bay","Queensland","The Nationals","Car Costs","Private-Plated Vehicle","From 1 January 2016","","","","Lease 27 Jan to 26 Feb 16","","","","893.87","26-Feb-2016","",""
"Warren Truss","Representative","Wide Bay","Queensland","The Nationals","Car Costs","Private-Plated Vehicle","From 1 January 2016","","","","Fuel 6 Feb to 19 Feb 16","","","","146.10","19-Feb-2016","",""
"Warren Truss","Representative","Wide Bay","Queensland","The Nationals","Car Costs","Private-Plated Vehicle","From 1 January 2016","","","","Lease 27 Feb to 26 Mar 16","","","","893.87","26-Mar-2016","",""
"Warren Truss","Representative","Wide Bay","Queensland","The Nationals","Car Costs","Private-Plated Vehicle","From 1 January 2016","","","","Fuel 6 Mar to 27 Mar 16","","","","219.71","27-Mar-2016","",""
"Warren Truss","Representative","Wide Bay","Queensland","The Nationals","Car Costs","Private-Plated Vehicle","From 1 January 2016","","","","Lease 27 Mar to 26 Apr 16","","","","893.87","26-Apr-2016","",""
"Warren Truss","Representative","Wide Bay","Queensland","The Nationals","Car Costs","Private-Plated Vehicle","From 1 January 2016","","","","Fuel 30 Mar to 25 Apr 16","","","","239.73","25-Apr-2016","",""
"Warren Truss","Representative","Wide Bay","Queensland","The Nationals","Car Costs","Private-Plated Vehicle","From 1 January 2016","","","","Lease 27 Apr to 26 May 16","","","","893.87","26-May-2016","",""
"Warren Truss","Representative","Wide Bay","Queensland","The Nationals","Car Costs","Private-Plated Vehicle","Before 1 January 2016","","","","Fuel 14 Dec to 27 Dec 15","","","","171.46","27-Dec-2015","",""
"Warren Truss","Representative","Wide Bay","Queensland","The Nationals","Car Costs","Private-Plated Vehicle","Before 1 January 2016","","","","Lease 27 Dec 15 to 26 Jan 16","","","","893.87","27-Dec-2015","",""
"Warren Truss","Representative","Wide Bay","Queensland","The Nationals","Car Costs","Private Vehicle Allowance","From 1 January 2016","","","","Canberra to Coonabarabran 8 May 16","","","","877.59","08-May-2016","",""
"Warren Truss","Representative","Wide Bay","Queensland","The Nationals","Car Costs","COMCAR","From 1 January 2016","","","","1 Jan 16 - Sydney","","","","78.60","01-Jan-2016","",""
"Warren Truss","Representative","Wide Bay","Queensland","The Nationals","Car Costs","COMCAR","From 1 January 2016","","","","1 Jan 16 - Brisbane","","","","75.00","01-Jan-2016","",""
"Warren Truss","Representative","Wide Bay","Queensland","The Nationals","Car Costs","COMCAR","From 1 January 2016","","","","21 Jan 16 - Melbourne","","","","54.95","21-Jan-2016","",""
"Warren Truss","Representative","Wide Bay","Queensland","The Nationals","Car Costs","COMCAR","From 1 January 2016","","","","22 Jan 16 - Melbourne","","","","41.30","22-Jan-2016","",""
"Warren Truss","Representative","Wide Bay","Queensland","The Nationals","Car Costs","COMCAR","From 1 January 2016","","","","22 Jan 16 - Melbourne","","","","86.45","22-Jan-2016","",""
"Warren Truss","Representative","Wide Bay","Queensland","The Nationals","Car Costs","COMCAR","From 1 January 2016","","","","24 Jan 16 - Melbourne","","","","85.70","24-Jan-2016","",""
"Warren Truss","Representative","Wide Bay","Queensland","The Nationals","Car Costs","COMCAR","From 1 January 2016","","","","24 Jan 16 - Brisbane","","","","75.00","24-Jan-2016","",""
"Warren Truss","Representative","Wide Bay","Queensland","The Nationals","Car Costs","COMCAR","From 1 January 2016","","","","27 Jan 16 - Brisbane","","","","105.20","27-Jan-2016","",""
"Warren Truss","Representative","Wide Bay","Queensland","The Nationals","Car Costs","COMCAR","From 1 January 2016","","","","27 Jan 16 - Canberra","","","","41.80","27-Jan-2016","",""
"Warren Truss","Representative","Wide Bay","Queensland","The Nationals","Car Costs","COMCAR","From 1 January 2016","","","","28 Jan 16 - Canberra","","","","40.00","28-Jan-2016","",""
"Warren Truss","Representative","Wide Bay","Queensland","The Nationals","Car Costs","COMCAR","From 1 January 2016","","","","28 Jan 16 - Sydney","","","","49.70","28-Jan-2016","",""
"Warren Truss","Representative","Wide Bay","Queensland","The Nationals","Car Costs","COMCAR","From 1 January 2016","","","","29 Jan 16 - Sydney","","","","40.00","29-Jan-2016","",""
"Warren Truss","Representative","Wide Bay","Queensland","The Nationals","Car Costs","COMCAR","From 1 January 2016","","","","29 Jan 16 - Sydney","","","","40.00","29-Jan-2016","",""
"Warren Truss","Representative","Wide Bay","Queensland","The Nationals","Car Costs","COMCAR","From 1 January 2016","","","","29 Jan 16 - Sydney","","","","40.00","29-Jan-2016","",""
"Warren Truss","Representative","Wide Bay","Queensland","The Nationals","Car Costs","COMCAR","From 1 January 2016","","","","29 Jan 16 - Brisbane","","","","75.00","29-Jan-2016","",""
"Warren Truss","Representative","Wide Bay","Queensland","The Nationals","Car Costs","COMCAR","From 1 January 2016","","","","31 Jan 16 - Brisbane","","","","107.30","31-Jan-2016","",""
"Warren Truss","Representative","Wide Bay","Queensland","The Nationals","Car Costs","COMCAR","From 1 January 2016","","","","31 Jan 16 - Canberra","","","","80.40","31-Jan-2016","",""
"Warren Truss","Representative","Wide Bay","Queensland","The Nationals","Car Costs","COMCAR","From 1 January 2016","","","","5 Feb 16 - Canberra","","","","40.00","05-Feb-2016","",""
"Warren Truss","Representative","Wide Bay","Queensland","The Nationals","Car Costs","COMCAR","From 1 January 2016","","","","5 Feb 16 - Sydney","","","","201.61","05-Feb-2016","",""
"Warren Truss","Representative","Wide Bay","Queensland","The Nationals","Car Costs","COMCAR","From 1 January 2016","","","","5 Feb 16 - Brisbane","","","","473.27","05-Feb-2016","",""
"Warren Truss","Representative","Wide Bay","Queensland","The Nationals","Car Costs","COMCAR","From 1 January 2016","","","","7 Feb 16 - Brisbane","","","","106.80","07-Feb-2016","",""
"Warren Truss","Representative","Wide Bay","Queensland","The Nationals","Car Costs","COMCAR","From 1 January 2016","","","","7 Feb 16 - Canberra","","","","80.40","07-Feb-2016","",""
"Warren Truss","Representative","Wide Bay","Queensland","The Nationals","Car Costs","COMCAR","From 1 January 2016","","","","13 Feb 16 - Canberra","","","","78.60","13-Feb-2016","",""
"Warren Truss","Representative","Wide Bay","Queensland","The Nationals","Car Costs","COMCAR","From 1 January 2016","","","","13 Feb 16 - Brisbane","","","","75.00","13-Feb-2016","",""
"Warren Truss","Representative","Wide Bay","Queensland","The Nationals","Car Costs","COMCAR","From 1 January 2016","","","","21 Feb 16 - Brisbane","","","","107.00","21-Feb-2016","",""
"Warren Truss","Representative","Wide Bay","Queensland","The Nationals","Car Costs","COMCAR","From 1 January 2016","","","","26 Feb 16 - Brisbane","","","","53.90","26-Feb-2016","",""
"Warren Truss","Representative","Wide Bay","Queensland","The Nationals","Car Costs","COMCAR","From 1 January 2016","","","","27 Feb 16 - Brisbane","","","","83.80","27-Feb-2016","",""
"Warren Truss","Representative","Wide Bay","Queensland","The Nationals","Car Costs","COMCAR","From 1 January 2016","","","","27 Feb 16 - Brisbane","","","","75.00","27-Feb-2016","",""
"Warren Truss","Representative","Wide Bay","Queensland","The Nationals","Car Costs","COMCAR","From 1 January 2016","","","","28 Feb 16 - Brisbane","","","","105.90","28-Feb-2016","",""
"Warren Truss","Representative","Wide Bay","Queensland","The Nationals","Car Costs","COMCAR","From 1 January 2016","","","","4 Mar 16 - Brisbane","","","","75.00","04-Mar-2016","",""
"Warren Truss","Representative","Wide Bay","Queensland","The Nationals","Car Costs","COMCAR","From 1 January 2016","","","","14 Mar 16 - Brisbane","","","","110.20","14-Mar-2016","",""
"Warren Truss","Representative","Wide Bay","Queensland","The Nationals","Car Costs","COMCAR","From 1 January 2016","","","","18 Mar 16 - Brisbane","","","","75.00","18-Mar-2016","",""
"Warren Truss","Representative","Wide Bay","Queensland","The Nationals","Car Costs","COMCAR","From 1 January 2016","","","","9 Apr 16 - Brisbane","","","","106.50","09-Apr-2016","",""
"Warren Truss","Representative","Wide Bay","Queensland","The Nationals","Car Costs","COMCAR","From 1 January 2016","","","","9 Apr 16 - Sydney","","","","82.30","09-Apr-2016","",""
"Warren Truss","Representative","Wide Bay","Queensland","The Nationals","Car Costs","COMCAR","From 1 January 2016","","","","9 Apr 16 - Sydney","","","","78.60","09-Apr-2016","",""
"Warren Truss","Representative","Wide Bay","Queensland","The Nationals","Car Costs","COMCAR","From 1 January 2016","","","","9 Apr 16 - Brisbane","","","","55.82","09-Apr-2016","",""
"Warren Truss","Representative","Wide Bay","Queensland","The Nationals","Car Costs","COMCAR","From 1 January 2016","","","","9 Apr 16 - Brisbane","","","","333.18","09-Apr-2016","",""
"Warren Truss","Representative","Wide Bay","Queensland","The Nationals","Car Costs","COMCAR","From 1 January 2016","","","","27 Apr 16 - Brisbane","","","","105.40","27-Apr-2016","",""
"Warren Truss","Representative","Wide Bay","Queensland","The Nationals","Car Costs","COMCAR","From 1 January 2016","","","","27 Apr 16 - Perth","","","","40.00","27-Apr-2016","",""
"Warren Truss","Representative","Wide Bay","Queensland","The Nationals","Car Costs","COMCAR","From 1 January 2016","","","","28 Apr 16 - Perth","","","","449.33","28-Apr-2016","",""
"Warren Truss","Representative","Wide Bay","Queensland","The Nationals","Car Costs","COMCAR","From 1 January 2016","","","","28 Apr 16 - Perth","","","","40.00","28-Apr-2016","",""
"Warren Truss","Representative","Wide Bay","Queensland","The Nationals","Car Costs","COMCAR","From 1 January 2016","","","","28 Apr 16 - Perth","","","","49.78","28-Apr-2016","",""
"Warren Truss","Representative","Wide Bay","Queensland","The Nationals","Car Costs","COMCAR","From 1 January 2016","","","","29 Apr 16 - Brisbane","","","","75.00","29-Apr-2016","",""
"Warren Truss","Representative","Wide Bay","Queensland","The Nationals","Car Costs","COMCAR","From 1 January 2016","","","","1 May 16 - Brisbane","","","","113.00","01-May-2016","",""
"Warren Truss","Representative","Wide Bay","Queensland","The Nationals","Car Costs","COMCAR","From 1 January 2016","","","","6 May 16 - Canberra","","","","40.00","06-May-2016","",""
"Warren Truss","Representative","Wide Bay","Queensland","The Nationals","Car Costs","COMCAR","From 1 January 2016","","","","6 May 16 - Canberra","","","","44.54","06-May-2016","",""
"Warren Truss","Representative","Wide Bay","Queensland","The Nationals","Car Costs","COMCAR","Before 1 January 2016","","","","6 Nov 15 - Brisbane","","","","75.00","06-Nov-2015","",""
"Warren Truss","Representative","Wide Bay","Queensland","The Nationals","Car Costs","COMCAR","Before 1 January 2016","","","","8 Nov 15 - Brisbane","","","","106.40","08-Nov-2015","",""
"Warren Truss","Representative","Wide Bay","Queensland","The Nationals","Car Costs","COMCAR","Before 1 January 2016","","","","14 Dec 15 - Brisbane","","","","108.40","14-Dec-2015","",""
"Warren Truss","Representative","Wide Bay","Queensland","The Nationals","Car Costs","COMCAR","Before 1 January 2016","","","","14 Dec 15 - Brisbane","","","","75.00","14-Dec-2015","",""
"Warren Truss","Representative","Wide Bay","Queensland","The Nationals","Car Costs","COMCAR","Before 1 January 2016","","","","31 Dec 15 - Brisbane","","","","105.10","31-Dec-2015","",""
"Warren Truss","Representative","Wide Bay","Queensland","The Nationals","Car Costs","COMCAR","Before 1 January 2016","","","","31 Dec 15 - Sydney","","","","49.70","31-Dec-2015","",""
"Warren Truss","Representative","Wide Bay","Queensland","The Nationals","Car Costs","Parking","From 1 January 2016","","","","Parking between 17 Apr and 20 Apr 16","","","","60.00","20-Apr-2016","",""
"Warren Truss","Representative","Wide Bay","Queensland","The Nationals","Office Facilities","Office Facilities","From 1 January 2016","","","","Aggregated Total","","","","28,564.01","01-Jan-2016","",""
"Warren Truss","Representative","Wide Bay","Queensland","The Nationals","Office Facilities","Office Facilities","Before 1 January 2016","","","","Aggregated Total","","","","3,228.66","01-Jan-2016","",""
"Warren Truss","Representative","Wide Bay","Queensland","The Nationals","Office Administrative Costs","Office Consumables and Services","From 1 January 2016","","","","Office requisites and stationery 1 Jan to 31 Jan 16","","","","1,081.17","31-Jan-2016","",""
"Warren Truss","Representative","Wide Bay","Queensland","The Nationals","Office Administrative Costs","Office Consumables and Services","From 1 January 2016","","","","Water refills 4 Jan 16","","","","20.80","04-Jan-2016","",""
"Warren Truss","Representative","Wide Bay","Queensland","The Nationals","Office Administrative Costs","Office Consumables and Services","From 1 January 2016","","","","Water refills 18 Jan 16","","","","20.80","18-Jan-2016","",""
"Warren Truss","Representative","Wide Bay","Queensland","The Nationals","Office Administrative Costs","Office Consumables and Services","From 1 January 2016","","","","MFD Colour copy charge 24 Jan to 23 Feb 16","","","","7.20","23-Feb-2016","",""
"Warren Truss","Representative","Wide Bay","Queensland","The Nationals","Office Administrative Costs","Office Consumables and Services","From 1 January 2016","","","","MFD Monochrome copy charge 24 Jan to 23 Feb 16","","","","25.59","23-Feb-2016","",""
"Warren Truss","Representative","Wide Bay","Queensland","The Nationals","Office Administrative Costs","Office Consumables and Services","From 1 January 2016","","","","Water refills 1 Feb 16","","","","20.80","01-Feb-2016","",""
"Warren Truss","Representative","Wide Bay","Queensland","The Nationals","Office Administrative Costs","Office Consumables and Services","From 1 January 2016","","","","3 Postage tape rolls 1 Feb 16","","","","108.25","01-Feb-2016","",""
"Warren Truss","Representative","Wide Bay","Queensland","The Nationals","Office Administrative Costs","Office Consumables and Services","From 1 January 2016","","","","1 Ink cartridge 1 Feb 16","","","","219.37","01-Feb-2016","",""
"Warren Truss","Representative","Wide Bay","Queensland","The Nationals","Office Administrative Costs","Office Consumables and Services","From 1 January 2016","","","","Water refills 15 Feb 16","","","","20.80","15-Feb-2016","",""
"Warren Truss","Representative","Wide Bay","Queensland","The Nationals","Office Administrative Costs","Office Consumables and Services","From 1 January 2016","","","","MFD Colour copy charge 24 Feb to 23 Mar 16","","","","97.17","23-Mar-2016","",""
"Warren Truss","Representative","Wide Bay","Queensland","The Nationals","Office Administrative Costs","Office Consumables and Services","From 1 January 2016","","","","MFD Monochrome copy charge 24 Feb to 23 Mar 16","","","","16.99","23-Mar-2016","",""
"Warren Truss","Representative","Wide Bay","Queensland","The Nationals","Office Administrative Costs","Office Consumables and Services","From 1 January 2016","","","","Water refills 29 Feb 16","","","","20.80","29-Feb-2016","",""
"Warren Truss","Representative","Wide Bay","Queensland","The Nationals","Office Administrative Costs","Office Consumables and Services","From 1 January 2016","","","","Office requisites and stationery 1 Mar to 31 Mar 16","","","","669.90","31-Mar-2016","",""
"Warren Truss","Representative","Wide Bay","Queensland","The Nationals","Office Administrative Costs","Office Consumables and Services","From 1 January 2016","","","","Flags 1 Mar to 31 Mar 16","","","","2,045.02","31-Mar-2016","",""
"Warren Truss","Representative","Wide Bay","Queensland","The Nationals","Office Administrative Costs","Office Consumables and Services","From 1 January 2016","","","","Water refills 14 Mar 16","","","","20.80","14-Mar-2016","",""
"Warren Truss","Representative","Wide Bay","Queensland","The Nationals","Office Administrative Costs","Office Consumables and Services","From 1 January 2016","","","","MFD Colour copy charge 24 Mar to 23 Apr 16","","","","125.24","23-Apr-2016","",""
"Warren Truss","Representative","Wide Bay","Queensland","The Nationals","Office Administrative Costs","Office Consumables and Services","From 1 January 2016","","","","MFD Monochrome copy charge 24 Mar to 23 Apr 16","","","","21.02","23-Apr-2016","",""
"Warren Truss","Representative","Wide Bay","Queensland","The Nationals","Office Administrative Costs","Office Consumables and Services","From 1 January 2016","","","","Water refills 30 Mar 16","","","","20.80","30-Mar-2016","",""
"Warren Truss","Representative","Wide Bay","Queensland","The Nationals","Office Administrative Costs","Office Consumables and Services","From 1 January 2016","","","","Office requisites and stationery 1 Apr to 30 Apr 16","","","","208.14","30-Apr-2016","",""
"Warren Truss","Representative","Wide Bay","Queensland","The Nationals","Office Administrative Costs","Office Consumables and Services","From 1 January 2016","","","","Flags 1 Apr to 30 Apr 16","","","","235.90","30-Apr-2016","",""
"Warren Truss","Representative","Wide Bay","Queensland","The Nationals","Office Administrative Costs","Office Consumables and Services","From 1 January 2016","","","","Water refills 13 Apr 16","","","","31.20","13-Apr-2016","",""
"Warren Truss","Representative","Wide Bay","Queensland","The Nationals","Office Administrative Costs","Office Consumables and Services","From 1 January 2016","","","","MFD Colour copy charge 24 Apr to 9 May 16","","","","27.12","09-May-2016","",""
"Warren Truss","Representative","Wide Bay","Queensland","The Nationals","Office Administrative Costs","Office Consumables and Services","From 1 January 2016","","","","MFD Monochrome copy charge 24 Apr to 9 May 16","","","","7.02","09-May-2016","",""
"Warren Truss","Representative","Wide Bay","Queensland","The Nationals","Office Administrative Costs","Office Consumables and Services","From 1 January 2016","","","","Water refills 27 Apr 16","","","","52.00","27-Apr-2016","",""
"Warren Truss","Representative","Wide Bay","Queensland","The Nationals","Office Administrative Costs","Office Consumables and Services","From 1 January 2016","","","","Water refills 27 Apr 16","","","","4.00","27-Apr-2016","",""
"Warren Truss","Representative","Wide Bay","Queensland","The Nationals","Office Administrative Costs","Office Consumables and Services","From 1 January 2016","","","","Freight costs 9 May 16","","","","493.64","09-May-2016","",""
"Warren Truss","Representative","Wide Bay","Queensland","The Nationals","Office Administrative Costs","Office Consumables and Services","Before 1 January 2016","","","","Water refills 15 Jun 15 to 15 Jun 16","","","","117.25","15-Jun-2015","",""
"Warren Truss","Representative","Wide Bay","Queensland","The Nationals","Office Administrative Costs","Office Consumables and Services","Before 1 January 2016","","","","Toner cartridge credit 1 Jul 15 to 31 Mar 16","","","","-101.34","01-Jul-2015","",""
"Warren Truss","Representative","Wide Bay","Queensland","The Nationals","Office Administrative Costs","Office Consumables and Services","Before 1 January 2016","","","","MFD Colour copy charge 24 Oct to 23 Nov 15","","","","22.42","23-Nov-2015","",""
"Warren Truss","Representative","Wide Bay","Queensland","The Nationals","Office Administrative Costs","Office Consumables and Services","Before 1 January 2016","","","","MFD Monochrome copy charge 24 Oct to 23 Nov 15","","","","503.25","23-Nov-2015","",""
"Warren Truss","Representative","Wide Bay","Queensland","The Nationals","Office Administrative Costs","Office Consumables and Services","Before 1 January 2016","","","","MFD Colour copy charge 24 Nov to 23 Dec 15","","","","18.38","23-Dec-2015","",""
"Warren Truss","Representative","Wide Bay","Queensland","The Nationals","Office Administrative Costs","Office Consumables and Services","Before 1 January 2016","","","","MFD Monochrome copy charge 24 Nov to 23 Dec 15","","","","49.22","23-Dec-2015","",""
"Warren Truss","Representative","Wide Bay","Queensland","The Nationals","Office Administrative Costs","Office Consumables and Services","Before 1 January 2016","","","","Flags 1 Dec to 31 Dec 15","","","","1,131.90","31-Dec-2015","",""
"Warren Truss","Representative","Wide Bay","Queensland","The Nationals","Office Administrative Costs","Printing and Communications","From 1 January 2016","","","","1 Printed item 20 Jan 16","","","","268.87","20-Jan-2016","",""
"Warren Truss","Representative","Wide Bay","Queensland","The Nationals","Office Administrative Costs","Printing and Communications","From 1 January 2016","","","","1 Printed item 22 Jan 16","","","","274.73","22-Jan-2016","",""
"Warren Truss","Representative","Wide Bay","Queensland","The Nationals","Office Administrative Costs","Printing and Communications","From 1 January 2016","","","","1 Printed item 30 Jan 16","","","","284.31","30-Jan-2016","",""
"Warren Truss","Representative","Wide Bay","Queensland","The Nationals","Office Administrative Costs","Printing and Communications","From 1 January 2016","","","","Distribution 1 Feb to 29 Feb 16","","","","1,828.27","29-Feb-2016","",""
"Warren Truss","Representative","Wide Bay","Queensland","The Nationals","Office Administrative Costs","Printing and Communications","From 1 January 2016","","","","Distribution credit 1 Feb to 29 Feb 16","","","","-11.36","29-Feb-2016","",""
"Warren Truss","Representative","Wide Bay","Queensland","The Nationals","Office Administrative Costs","Printing and Communications","From 1 January 2016","","","","1 Printed item 3 Feb 16","","","","324.72","03-Feb-2016","",""
"Warren Truss","Representative","Wide Bay","Queensland","The Nationals","Office Administrative Costs","Printing and Communications","From 1 January 2016","","","","75,000 Printed items 22 Feb 16","","","","12,418.18","22-Feb-2016","",""
"Warren Truss","Representative","Wide Bay","Queensland","The Nationals","Office Administrative Costs","Printing and Communications","From 1 January 2016","","","","Distribution 27 Feb to 2 Mar 16","","","","8,189.92","02-Mar-2016","",""
"Warren Truss","Representative","Wide Bay","Queensland","The Nationals","Office Administrative Costs","Printing and Communications","From 1 January 2016","","","","Distribution 1 Mar to 31 Mar 16","","","","1,572.36","31-Mar-2016","",""
"Warren Truss","Representative","Wide Bay","Queensland","The Nationals","Office Administrative Costs","Printing and Communications","From 1 January 2016","","","","Distribution credit 1 Mar to 31 Mar 16","","","","-11.36","31-Mar-2016","",""
"Warren Truss","Representative","Wide Bay","Queensland","The Nationals","Office Administrative Costs","Printing and Communications","From 1 January 2016","","","","1 Printed item 3 Mar 16","","","","198.28","03-Mar-2016","",""
"Warren Truss","Representative","Wide Bay","Queensland","The Nationals","Office Administrative Costs","Printing and Communications","From 1 January 2016","","","","1 Printed item 4 Mar 16","","","","160.96","04-Mar-2016","",""
"Warren Truss","Representative","Wide Bay","Queensland","The Nationals","Office Administrative Costs","Printing and Communications","From 1 January 2016","","","","1 Printed item 23 Mar 16","","","","322.09","23-Mar-2016","",""
"Warren Truss","Representative","Wide Bay","Queensland","The Nationals","Office Administrative Costs","Printing and Communications","From 1 January 2016","","","","500 Personalised letterhead stationery 24 Mar 16","","","","209.09","24-Mar-2016","",""
"Warren Truss","Representative","Wide Bay","Queensland","The Nationals","Office Administrative Costs","Printing and Communications","From 1 January 2016","","","","1 Printed item 29 Mar 16","","","","122.29","29-Mar-2016","",""
"Warren Truss","Representative","Wide Bay","Queensland","The Nationals","Office Administrative Costs","Printing and Communications","From 1 January 2016","","","","1 Printed item 29 Mar 16","","","","104.00","29-Mar-2016","",""
"Warren Truss","Representative","Wide Bay","Queensland","The Nationals","Office Administrative Costs","Printing and Communications","From 1 January 2016","","","","1 Printed item 31 Mar 16","","","","207.72","31-Mar-2016","",""
"Warren Truss","Representative","Wide Bay","Queensland","The Nationals","Office Administrative Costs","Printing and Communications","From 1 January 2016","","","","1 Printed item 31 Mar 16","","","","81.71","31-Mar-2016","",""
"Warren Truss","Representative","Wide Bay","Queensland","The Nationals","Office Administrative Costs","Printing and Communications","From 1 January 2016","","","","PO Box 283 rental 1 Apr 16 to 31 Mar 17","","","","164.55","01-Apr-2016","",""
"Warren Truss","Representative","Wide Bay","Queensland","The Nationals","Office Administrative Costs","Printing and Communications","From 1 January 2016","","","","Distribution 1 Apr to 30 Apr 16","","","","1,223.41","30-Apr-2016","",""
"Warren Truss","Representative","Wide Bay","Queensland","The Nationals","Office Administrative Costs","Printing and Communications","From 1 January 2016","","","","Web-design 13 Apr 16","","","","180.00","13-Apr-2016","",""
"Warren Truss","Representative","Wide Bay","Queensland","The Nationals","Office Administrative Costs","Printing and Communications","From 1 January 2016","","","","67,500 Printed items 21 Apr 16","","","","14,209.09","21-Apr-2016","",""
"Warren Truss","Representative","Wide Bay","Queensland","The Nationals","Office Administrative Costs","Printing and Communications","From 1 January 2016","","","","Distribution 30 Apr to 1 May 16","","","","8,535.25","01-May-2016","",""
"Warren Truss","Representative","Wide Bay","Queensland","The Nationals","Office Administrative Costs","Printing and Communications","From 1 January 2016","","","","Distribution 1 May to 31 May 16","","","","272.73","31-May-2016","",""
"Warren Truss","Representative","Wide Bay","Queensland","The Nationals","Office Administrative Costs","Printing and Communications","From 1 January 2016","","","","Distribution credit 1 May to 31 May 16","","","","-6.82","31-May-2016","",""
"Warren Truss","Representative","Wide Bay","Queensland","The Nationals","Office Administrative Costs","Printing and Communications","From 1 January 2016","","","","Web-services 9 May 16","","","","220.00","09-May-2016","",""
"Warren Truss","Representative","Wide Bay","Queensland","The Nationals","Office Administrative Costs","Printing and Communications","Before 1 January 2016","","","","67,000 Printed items 27 Nov 15","","","","14,209.09","27-Nov-2015","",""
"Warren Truss","Representative","Wide Bay","Queensland","The Nationals","Office Administrative Costs","Printing and Communications","Before 1 January 2016","","","","Distribution 1 Dec to 31 Dec 15","","","","910.02","31-Dec-2015","",""
"Warren Truss","Representative","Wide Bay","Queensland","The Nationals","Office Administrative Costs","Printing and Communications","Before 1 January 2016","","","","Distribution credit 1 Dec to 31 Dec 15","","","","-22.73","31-Dec-2015","",""
"Warren Truss","Representative","Wide Bay","Queensland","The Nationals","Office Administrative Costs","Printing and Communications","Before 1 January 2016","","","","Distribution 5 Dec to 6 Dec 15","","","","8,161.81","06-Dec-2015","",""
"Warren Truss","Representative","Wide Bay","Queensland","The Nationals","Office Administrative Costs","Printing and Communications","Before 1 January 2016","","","","1 Printed item 5 Dec 15","","","","228.13","05-Dec-2015","",""
"Warren Truss","Representative","Wide Bay","Queensland","The Nationals","Office Administrative Costs","Printing and Communications","Before 1 January 2016","","","","1 Printed item 8 Dec 15","","","","96.58","08-Dec-2015","",""
"Warren Truss","Representative","Wide Bay","Queensland","The Nationals","Office Administrative Costs","Printing and Communications","Before 1 January 2016","","","","1 Printed item 8 Dec 15","","","","92.45","08-Dec-2015","",""
"Warren Truss","Representative","Wide Bay","Queensland","The Nationals","Office Administrative Costs","Printing and Communications","Before 1 January 2016","","","","1 Printed item 10 Dec 15","","","","81.71","10-Dec-2015","",""
"Warren Truss","Representative","Wide Bay","Queensland","The Nationals","Office Administrative Costs","Printing and Communications","Before 1 January 2016","","","","1 Printed item 17 Dec 15","","","","136.36","17-Dec-2015","",""
"Warren Truss","Representative","Wide Bay","Queensland","The Nationals","Office Administrative Costs","Printing and Communications","Before 1 January 2016","","","","1 Printed item 22 Dec 15","","","","40.25","22-Dec-2015","",""
"Warren Truss","Representative","Wide Bay","Queensland","The Nationals","Office Administrative Costs","Printing and Communications","Before 1 January 2016","","","","1 Printed item 22 Dec 15","","","","72.25","22-Dec-2015","",""
"Warren Truss","Representative","Wide Bay","Queensland","The Nationals","Office Administrative Costs","Publications","From 1 January 2016","","","","5 The Gympie Times (Sat) 1 Jan to 31 Jan 16","","","","7.27","31-Jan-2016","",""
"Warren Truss","Representative","Wide Bay","Queensland","The Nationals","Office Administrative Costs","Publications","From 1 January 2016","","","","5 The Courier Mail (Sat) 1 Jan to 31 Jan 16","","","","10.00","31-Jan-2016","",""
"Warren Truss","Representative","Wide Bay","Queensland","The Nationals","Office Administrative Costs","Publications","From 1 January 2016","","","","5 The Weekly Times 1 Jan to 31 Jan 16","","","","12.27","31-Jan-2016","",""
"Warren Truss","Representative","Wide Bay","Queensland","The Nationals","Office Administrative Costs","Publications","From 1 January 2016","","","","5 The Weekend Australian 1 Jan to 31 Jan 16","","","","15.91","31-Jan-2016","",""
"Warren Truss","Representative","Wide Bay","Queensland","The Nationals","Office Administrative Costs","Publications","From 1 January 2016","","","","5 Sunshine Coast Daily (Sat) 1 Jan to 31 Jan 16","","","","9.09","31-Jan-2016","",""
"Warren Truss","Representative","Wide Bay","Queensland","The Nationals","Office Administrative Costs","Publications","From 1 January 2016","","","","5 Fraser Coast Chronicle (Sat) 1 Jan to 31 Jan 16","","","","6.82","31-Jan-2016","",""
"Warren Truss","Representative","Wide Bay","Queensland","The Nationals","Office Administrative Costs","Publications","From 1 January 2016","","","","4 Queensland Country Life 1 Jan to 31 Jan 16","","","","13.82","31-Jan-2016","",""
"Warren Truss","Representative","Wide Bay","Queensland","The Nationals","Office Administrative Costs","Publications","From 1 January 2016","","","","9 South Burnett Times 1 Jan to 31 Jan 16","","","","12.27","31-Jan-2016","",""
"Warren Truss","Representative","Wide Bay","Queensland","The Nationals","Office Administrative Costs","Publications","From 1 January 2016","","","","21 Fraser Coast Chronicle 1 Jan to 31 Jan 16","","","","24.82","31-Jan-2016","",""
"Warren Truss","Representative","Wide Bay","Queensland","The Nationals","Office Administrative Costs","Publications","From 1 January 2016","","","","21 The Courier Mail 1 Jan to 31 Jan 16","","","","26.73","31-Jan-2016","",""
"Warren Truss","Representative","Wide Bay","Queensland","The Nationals","Office Administrative Costs","Publications","From 1 January 2016","","","","21 The Australian 1 Jan to 31 Jan 16","","","","51.55","31-Jan-2016","",""
"Warren Truss","Representative","Wide Bay","Queensland","The Nationals","Office Administrative Costs","Publications","From 1 January 2016","","","","26 The Australian Financial Review 1 Jan to 31 Jan 16","","","","89.82","31-Jan-2016","",""
"Warren Truss","Representative","Wide Bay","Queensland","The Nationals","Office Administrative Costs","Publications","From 1 January 2016","","","","23 Sunshine Coast Daily 1 Jan to 31 Jan 16","","","","26.27","31-Jan-2016","",""
"Warren Truss","Representative","Wide Bay","Queensland","The Nationals","Office Administrative Costs","Publications","From 1 January 2016","","","","17 The Gympie Times 1 Jan to 31 Jan 16","","","","20.09","31-Jan-2016","",""
"Warren Truss","Representative","Wide Bay","Queensland","The Nationals","Office Administrative Costs","Publications","From 1 January 2016","","","","1 Australian Aviation 1 Jan to 31 Jan 16","","","","9.95","31-Jan-2016","",""
"Warren Truss","Representative","Wide Bay","Queensland","The Nationals","Office Administrative Costs","Publications","From 1 January 2016","","","","25 Noosa News 3 Jan to 2 Apr 16","","","","61.82","02-Apr-2016","",""
"Warren Truss","Representative","Wide Bay","Queensland","The Nationals","Office Administrative Costs","Publications","From 1 January 2016","","","","8 South Burnett Times 1 Feb to 29 Feb 16","","","","10.91","29-Feb-2016","",""
"Warren Truss","Representative","Wide Bay","Queensland","The Nationals","Office Administrative Costs","Publications","From 1 January 2016","","","","4 Fraser Coast Chronicle (Sat) 1 Feb to 29 Feb 16","","","","5.82","29-Feb-2016","",""
"Warren Truss","Representative","Wide Bay","Queensland","The Nationals","Office Administrative Costs","Publications","From 1 January 2016","","","","4 Queensland Country Life 1 Feb to 29 Feb 16","","","","13.82","29-Feb-2016","",""
"Warren Truss","Representative","Wide Bay","Queensland","The Nationals","Office Administrative Costs","Publications","From 1 January 2016","","","","4 The Gympie Times (Sat) 1 Feb to 29 Feb 16","","","","5.82","29-Feb-2016","",""
"Warren Truss","Representative","Wide Bay","Queensland","The Nationals","Office Administrative Costs","Publications","From 1 January 2016","","","","4 Sunshine Coast Daily (Sat) 1 Feb to 29 Feb 16","","","","7.27","29-Feb-2016","",""
"Warren Truss","Representative","Wide Bay","Queensland","The Nationals","Office Administrative Costs","Publications","From 1 January 2016","","","","4 The Courier Mail (Sat) 1 Feb to 29 Feb 16","","","","8.00","29-Feb-2016","",""
"Warren Truss","Representative","Wide Bay","Queensland","The Nationals","Office Administrative Costs","Publications","From 1 January 2016","","","","4 The Weekend Australian 1 Feb to 29 Feb 16","","","","12.73","29-Feb-2016","",""
"Warren Truss","Representative","Wide Bay","Queensland","The Nationals","Office Administrative Costs","Publications","From 1 January 2016","","","","4 The Weekly Times 1 Feb to 29 Feb 16","","","","9.82","29-Feb-2016","",""
"Warren Truss","Representative","Wide Bay","Queensland","The Nationals","Office Administrative Costs","Publications","From 1 January 2016","","","","21 The Courier Mail 1 Feb to 29 Feb 16","","","","28.18","29-Feb-2016","",""
"Warren Truss","Representative","Wide Bay","Queensland","The Nationals","Office Administrative Costs","Publications","From 1 January 2016","","","","21 The Australian 1 Feb to 29 Feb 16","","","","51.55","29-Feb-2016","",""
"Warren Truss","Representative","Wide Bay","Queensland","The Nationals","Office Administrative Costs","Publications","From 1 January 2016","","","","21 Fraser Coast Chronicle 1 Feb to 29 Feb 16","","","","28.64","29-Feb-2016","",""
"Warren Truss","Representative","Wide Bay","Queensland","The Nationals","Office Administrative Costs","Publications","From 1 January 2016","","","","25 The Australian Financial Review 1 Feb to 29 Feb 16","","","","90.18","29-Feb-2016","",""
"Warren Truss","Representative","Wide Bay","Queensland","The Nationals","Office Administrative Costs","Publications","From 1 January 2016","","","","16 The Gympie Times 1 Feb to 29 Feb 16","","","","21.27","29-Feb-2016","",""
"Warren Truss","Representative","Wide Bay","Queensland","The Nationals","Office Administrative Costs","Publications","From 1 January 2016","","","","20 Sunshine Coast Daily 1 Feb to 29 Feb 16","","","","26.55","29-Feb-2016","",""
"Warren Truss","Representative","Wide Bay","Queensland","The Nationals","Office Administrative Costs","Publications","From 1 January 2016","","","","1 Australian Aviation 1 Feb to 29 Feb 16","","","","9.05","29-Feb-2016","",""
"Warren Truss","Representative","Wide Bay","Queensland","The Nationals","Office Administrative Costs","Publications","From 1 January 2016","","","","12 Cooloola Advertiser 10 Feb to 9 May 16","","","","21.82","09-May-2016","",""
"Warren Truss","Representative","Wide Bay","Queensland","The Nationals","Office Administrative Costs","Publications","From 1 January 2016","","","","4 Fraser Coast Chronicle (Sat) 1 Mar to 31 Mar 16","","","","5.82","31-Mar-2016","",""
"Warren Truss","Representative","Wide Bay","Queensland","The Nationals","Office Administrative Costs","Publications","From 1 January 2016","","","","4 The Courier Mail (Sat) 1 Mar to 31 Mar 16","","","","8.00","31-Mar-2016","",""
"Warren Truss","Representative","Wide Bay","Queensland","The Nationals","Office Administrative Costs","Publications","From 1 January 2016","","","","4 Sunshine Coast Daily (Sat) 1 Mar to 31 Mar 16","","","","7.27","31-Mar-2016","",""
"Warren Truss","Representative","Wide Bay","Queensland","The Nationals","Office Administrative Costs","Publications","From 1 January 2016","","","","4 Queensland Country Life 1 Mar to 31 Mar 16","","","","13.82","31-Mar-2016","",""
"Warren Truss","Representative","Wide Bay","Queensland","The Nationals","Office Administrative Costs","Publications","From 1 January 2016","","","","4 The Gympie Times (Sat) 1 Mar to 31 Mar 16","","","","5.82","31-Mar-2016","",""
"Warren Truss","Representative","Wide Bay","Queensland","The Nationals","Office Administrative Costs","Publications","From 1 January 2016","","","","4 The Weekend Australian 1 Mar to 31 Mar 16","","","","12.73","31-Mar-2016","",""
"Warren Truss","Representative","Wide Bay","Queensland","The Nationals","Office Administrative Costs","Publications","From 1 January 2016","","","","9 South Burnett Times 1 Mar to 31 Mar 16","","","","12.27","31-Mar-2016","",""
"Warren Truss","Representative","Wide Bay","Queensland","The Nationals","Office Administrative Costs","Publications","From 1 January 2016","","","","23 Fraser Coast Chronicle 1 Mar to 31 Mar 16","","","","31.36","31-Mar-2016","",""
"Warren Truss","Representative","Wide Bay","Queensland","The Nationals","Office Administrative Costs","Publications","From 1 January 2016","","","","27 The Australian Financial Review 1 Mar to 31 Mar 16","","","","98.18","31-Mar-2016","",""
"Warren Truss","Representative","Wide Bay","Queensland","The Nationals","Office Administrative Costs","Publications","From 1 January 2016","","","","23 The Australian 1 Mar to 31 Mar 16","","","","56.45","31-Mar-2016","",""
"Warren Truss","Representative","Wide Bay","Queensland","The Nationals","Office Administrative Costs","Publications","From 1 January 2016","","","","23 The Courier Mail 1 Mar to 31 Mar 16","","","","31.36","31-Mar-2016","",""
"Warren Truss","Representative","Wide Bay","Queensland","The Nationals","Office Administrative Costs","Publications","From 1 January 2016","","","","19 The Gympie Times 1 Mar to 31 Mar 16","","","","25.91","31-Mar-2016","",""
"Warren Truss","Representative","Wide Bay","Queensland","The Nationals","Office Administrative Costs","Publications","From 1 January 2016","","","","2 The Weekly Times 1 Mar to 31 Mar 16","","","","4.91","31-Mar-2016","",""
"Warren Truss","Representative","Wide Bay","Queensland","The Nationals","Office Administrative Costs","Publications","From 1 January 2016","","","","20 Sunshine Coast Daily 1 Mar to 31 Mar 16","","","","27.27","31-Mar-2016","",""
"Warren Truss","Representative","Wide Bay","Queensland","The Nationals","Office Administrative Costs","Publications","From 1 January 2016","","","","1 Australian Aviation 1 Mar to 31 Mar 16","","","","9.05","31-Mar-2016","",""
"Warren Truss","Representative","Wide Bay","Queensland","The Nationals","Office Administrative Costs","Publications","From 1 January 2016","","","","5 Queensland Country Life 1 Apr to 30 Apr 16","","","","17.27","30-Apr-2016","",""
"Warren Truss","Representative","Wide Bay","Queensland","The Nationals","Office Administrative Costs","Publications","From 1 January 2016","","","","5 Fraser Coast Chronicle (Sat) 1 Apr to 30 Apr 16","","","","7.27","30-Apr-2016","",""
"Warren Truss","Representative","Wide Bay","Queensland","The Nationals","Office Administrative Costs","Publications","From 1 January 2016","","","","5 The Weekend Australian 1 Apr to 30 Apr 16","","","","15.91","30-Apr-2016","",""
"Warren Truss","Representative","Wide Bay","Queensland","The Nationals","Office Administrative Costs","Publications","From 1 January 2016","","","","5 The Courier Mail (Sat) 1 Apr to 30 Apr 16","","","","10.00","30-Apr-2016","",""
"Warren Truss","Representative","Wide Bay","Queensland","The Nationals","Office Administrative Costs","Publications","From 1 January 2016","","","","4 The Gympie Times (Sat) 1 Apr to 30 Apr 16","","","","5.82","30-Apr-2016","",""
"Warren Truss","Representative","Wide Bay","Queensland","The Nationals","Office Administrative Costs","Publications","From 1 January 2016","","","","4 Sunshine Coast Daily (Sat) 1 Apr to 30 Apr 16","","","","7.27","30-Apr-2016","",""
"Warren Truss","Representative","Wide Bay","Queensland","The Nationals","Office Administrative Costs","Publications","From 1 January 2016","","","","9 South Burnett Times 1 Apr to 30 Apr 16","","","","12.27","30-Apr-2016","",""
"Warren Truss","Representative","Wide Bay","Queensland","The Nationals","Office Administrative Costs","Publications","From 1 January 2016","","","","21 Fraser Coast Chronicle 1 Apr to 30 Apr 16","","","","28.64","30-Apr-2016","",""
"Warren Truss","Representative","Wide Bay","Queensland","The Nationals","Office Administrative Costs","Publications","From 1 January 2016","","","","21 The Courier Mail 1 Apr to 30 Apr 16","","","","28.64","30-Apr-2016","",""
"Warren Truss","Representative","Wide Bay","Queensland","The Nationals","Office Administrative Costs","Publications","From 1 January 2016","","","","21 The Australian 1 Apr to 30 Apr 16","","","","51.55","30-Apr-2016","",""
"Warren Truss","Representative","Wide Bay","Queensland","The Nationals","Office Administrative Costs","Publications","From 1 January 2016","","","","26 The Australian Financial Review 1 Apr to 30 Apr 16","","","","94.55","30-Apr-2016","",""
"Warren Truss","Representative","Wide Bay","Queensland","The Nationals","Office Administrative Costs","Publications","From 1 January 2016","","","","23 Sunshine Coast Daily 1 Apr to 30 Apr 16","","","","31.36","30-Apr-2016","",""
"Warren Truss","Representative","Wide Bay","Queensland","The Nationals","Office Administrative Costs","Publications","From 1 January 2016","","","","17 The Gympie Times 1 Apr to 30 Apr 16","","","","23.18","30-Apr-2016","",""
"Warren Truss","Representative","Wide Bay","Queensland","The Nationals","Office Administrative Costs","Publications","From 1 January 2016","","","","1 Australian Aviation 1 Apr to 30 Apr 16","","","","9.05","30-Apr-2016","",""
"Warren Truss","Representative","Wide Bay","Queensland","The Nationals","Office Administrative Costs","Publications","From 1 January 2016","","","","26 Noosa News 3 Apr to 2 Jul 16","","","","65.00","02-Jul-2016","",""
"Warren Truss","Representative","Wide Bay","Queensland","The Nationals","Office Administrative Costs","Publications","From 1 January 2016","","","","5 Sunshine Coast Daily 1 May to 9 May 16","","","","6.82","09-May-2016","",""
"Warren Truss","Representative","Wide Bay","Queensland","The Nationals","Office Administrative Costs","Publications","From 1 January 2016","","","","6 The Courier Mail 1 May to 9 May 16","","","","8.18","09-May-2016","",""
"Warren Truss","Representative","Wide Bay","Queensland","The Nationals","Office Administrative Costs","Publications","From 1 January 2016","","","","6 The Australian 1 May to 9 May 16","","","","14.73","09-May-2016","",""
"Warren Truss","Representative","Wide Bay","Queensland","The Nationals","Office Administrative Costs","Publications","From 1 January 2016","","","","7 The Australian Financial Review 1 May to 9 May 16","","","","25.45","09-May-2016","",""
"Warren Truss","Representative","Wide Bay","Queensland","The Nationals","Office Administrative Costs","Publications","From 1 January 2016","","","","6 Fraser Coast Chronicle 1 May to 9 May 16","","","","8.18","09-May-2016","",""
"Warren Truss","Representative","Wide Bay","Queensland","The Nationals","Office Administrative Costs","Publications","From 1 January 2016","","","","4 The Gympie Times 1 May to 9 May 16","","","","5.45","09-May-2016","",""
"Warren Truss","Representative","Wide Bay","Queensland","The Nationals","Office Administrative Costs","Publications","From 1 January 2016","","","","1 Queensland Country Life 1 May to 9 May 16","","","","3.45","09-May-2016","",""
"Warren Truss","Representative","Wide Bay","Queensland","The Nationals","Office Administrative Costs","Publications","From 1 January 2016","","","","1 The Courier Mail (Sat) 1 May to 9 May 16","","","","2.00","09-May-2016","",""
"Warren Truss","Representative","Wide Bay","Queensland","The Nationals","Office Administrative Costs","Publications","From 1 January 2016","","","","1 The Weekend Australian 1 May to 9 May 16","","","","3.18","09-May-2016","",""
"Warren Truss","Representative","Wide Bay","Queensland","The Nationals","Office Administrative Costs","Publications","From 1 January 2016","","","","2 Sunshine Coast Daily (Sat) 1 May to 9 May 16","","","","3.64","09-May-2016","",""
"Warren Truss","Representative","Wide Bay","Queensland","The Nationals","Office Administrative Costs","Publications","From 1 January 2016","","","","2 South Burnett Times 1 May to 9 May 16","","","","2.73","09-May-2016","",""
"Warren Truss","Representative","Wide Bay","Queensland","The Nationals","Office Administrative Costs","Publications","From 1 January 2016","","","","2 The Gympie Times (Sat) 1 May to 9 May 16","","","","2.91","09-May-2016","",""
"Warren Truss","Representative","Wide Bay","Queensland","The Nationals","Office Administrative Costs","Publications","From 1 January 2016","","","","1 Fraser Coast Chronicle (Sat) 1 May to 9 May 16","","","","1.45","09-May-2016","",""
"Warren Truss","Representative","Wide Bay","Queensland","The Nationals","Office Administrative Costs","Publications","Before 1 January 2016","","","","7 South Burnett Times 1 Dec to 31 Dec 15","","","","9.55","31-Dec-2015","",""
"Warren Truss","Representative","Wide Bay","Queensland","The Nationals","Office Administrative Costs","Publications","Before 1 January 2016","","","","3 The Weekly Times 1 Dec to 31 Dec 15","","","","7.36","31-Dec-2015","",""
"Warren Truss","Representative","Wide Bay","Queensland","The Nationals","Office Administrative Costs","Publications","Before 1 January 2016","","","","3 The Courier Mail (Sat) 1 Dec to 31 Dec 15","","","","6.00","31-Dec-2015","",""
"Warren Truss","Representative","Wide Bay","Queensland","The Nationals","Office Administrative Costs","Publications","Before 1 January 2016","","","","3 The Weekend Australian 1 Dec to 31 Dec 15","","","","9.55","31-Dec-2015","",""
"Warren Truss","Representative","Wide Bay","Queensland","The Nationals","Office Administrative Costs","Publications","Before 1 January 2016","","","","3 The Gympie Times (Sat) 1 Dec to 31 Dec 15","","","","4.36","31-Dec-2015","",""
"Warren Truss","Representative","Wide Bay","Queensland","The Nationals","Office Administrative Costs","Publications","Before 1 January 2016","","","","3 Sunshine Coast Daily (Sat) 1 Dec to 31 Dec 15","","","","5.45","31-Dec-2015","",""
"Warren Truss","Representative","Wide Bay","Queensland","The Nationals","Office Administrative Costs","Publications","Before 1 January 2016","","","","4 Queensland Country Life 1 Dec to 31 Dec 15","","","","13.82","31-Dec-2015","",""
"Warren Truss","Representative","Wide Bay","Queensland","The Nationals","Office Administrative Costs","Publications","Before 1 January 2016","","","","3 Fraser Coast Chronicle (Sat) 1 Dec to 31 Dec 15","","","","4.09","31-Dec-2015","",""
"Warren Truss","Representative","Wide Bay","Queensland","The Nationals","Office Administrative Costs","Publications","Before 1 January 2016","","","","14 Sunshine Coast Daily 1 Dec to 31 Dec 15","","","","16.18","31-Dec-2015","",""
"Warren Truss","Representative","Wide Bay","Queensland","The Nationals","Office Administrative Costs","Publications","Before 1 January 2016","","","","13 The Gympie Times 1 Dec to 31 Dec 15","","","","15.36","31-Dec-2015","",""
"Warren Truss","Representative","Wide Bay","Queensland","The Nationals","Office Administrative Costs","Publications","Before 1 January 2016","","","","16 Fraser Coast Chronicle 1 Dec to 31 Dec 15","","","","18.91","31-Dec-2015","",""
"Warren Truss","Representative","Wide Bay","Queensland","The Nationals","Office Administrative Costs","Publications","Before 1 January 2016","","","","16 The Courier Mail 1 Dec to 31 Dec 15","","","","20.36","31-Dec-2015","",""
"Warren Truss","Representative","Wide Bay","Queensland","The Nationals","Office Administrative Costs","Publications","Before 1 January 2016","","","","19 The Australian Financial Review 1 Dec to 31 Dec 15","","","","65.64","31-Dec-2015","",""
"Warren Truss","Representative","Wide Bay","Queensland","The Nationals","Office Administrative Costs","Publications","Before 1 January 2016","","","","16 The Australian 1 Dec to 31 Dec 15","","","","39.27","31-Dec-2015","",""
"Warren Truss","Representative","Wide Bay","Queensland","The Nationals","Telecommunications","Telecommunications - Usage","From 1 January 2016","","","","Office phones 18 Jan 16","","","","337.35","18-Jan-2016","",""
"Warren Truss","Representative","Wide Bay","Queensland","The Nationals","Telecommunications","Telecommunications - Usage","From 1 January 2016","","","","Office fax 18 Jan 16","","","","38.57","18-Jan-2016","",""
"Warren Truss","Representative","Wide Bay","Queensland","The Nationals","Telecommunications","Telecommunications - Usage","From 1 January 2016","","","","Office phones 18 Feb 16","","","","463.27","18-Feb-2016","",""
"Warren Truss","Representative","Wide Bay","Queensland","The Nationals","Telecommunications","Telecommunications - Usage","From 1 January 2016","","","","Office fax 18 Feb 16","","","","39.11","18-Feb-2016","",""
"Warren Truss","Representative","Wide Bay","Queensland","The Nationals","Telecommunications","Telecommunications - Usage","From 1 January 2016","","","","Office phones 18 Mar 16","","","","421.83","18-Mar-2016","",""
"Warren Truss","Representative","Wide Bay","Queensland","The Nationals","Telecommunications","Telecommunications - Usage","From 1 January 2016","","","","Office fax 18 Mar 16","","","","37.51","18-Mar-2016","",""
"Warren Truss","Representative","Wide Bay","Queensland","The Nationals","Telecommunications","Telecommunications - Usage","From 1 January 2016","","","","Office phones 18 Apr 16","","","","433.95","18-Apr-2016","",""
"Warren Truss","Representative","Wide Bay","Queensland","The Nationals","Telecommunications","Telecommunications - Usage","From 1 January 2016","","","","Office fax 18 Apr 16","","","","37.95","18-Apr-2016","",""
"Warren Truss","Representative","Wide Bay","Queensland","The Nationals","Telecommunications","Telecommunications - Usage","From 1 January 2016","","","","Office phones directory charges 5 May 16","","","","2,772.29","05-May-2016","",""
"Warren Truss","Representative","Wide Bay","Queensland","The Nationals","Telecommunications","Telecommunications - Usage","From 1 January 2016","","","","Office phones 9 May 16","","","","645.65","09-May-2016","",""
"Warren Truss","Representative","Wide Bay","Queensland","The Nationals","Telecommunications","Telecommunications - Usage","From 1 January 2016","","","","Office fax 9 May 16","","","","38.19","09-May-2016","",""
"Warren Truss","Representative","Wide Bay","Queensland","The Nationals","Telecommunications","Telecommunications - Usage","Before 1 January 2016","","","","Office phones 18 Dec 15","","","","418.05","18-Dec-2015","",""
"Warren Truss","Representative","Wide Bay","Queensland","The Nationals","Telecommunications","Telecommunications - Usage","Before 1 January 2016","","","","Office fax 18 Dec 15","","","","38.01","18-Dec-2015","",""
"Warren Truss","Representative","Wide Bay","Queensland","The Nationals","Telecommunications","Telecommunications - Residential - Official","From 1 January 2016","","","","Dedicated data line 11 Jan 16","","","","63.59","11-Jan-2016","",""
"Warren Truss","Representative","Wide Bay","Queensland","The Nationals","Telecommunications","Telecommunications - Residential - Official","From 1 January 2016","","","","Dedicated data line 11 Feb 16","","","","63.59","11-Feb-2016","",""
"Warren Truss","Representative","Wide Bay","Queensland","The Nationals","Telecommunications","Telecommunications - Residential - Official","From 1 January 2016","","","","Dedicated data line 11 Mar 16","","","","63.59","11-Mar-2016","",""
"Warren Truss","Representative","Wide Bay","Queensland","The Nationals","Telecommunications","Telecommunications - Residential - Official","From 1 January 2016","","","","Dedicated data line adj 11 Mar 16","","","","-34.87","11-Mar-2016","",""
"Warren Truss","Representative","Wide Bay","Queensland","The Nationals","Telecommunications","Telecommunications - Residential - Official","From 1 January 2016","","","","Residential phones 20 Apr 16","","","","103.28","20-Apr-2016","",""
"Warren Truss","Representative","Wide Bay","Queensland","The Nationals","Telecommunications","Telecommunications - Residential - Official","From 1 January 2016","","","","Dedicated data line 20 Apr 16","","","","161.18","20-Apr-2016","",""
"Warren Truss","Representative","Wide Bay","Queensland","The Nationals","Telecommunications","Telecommunications - Residential - Official","From 1 January 2016","","","","Residential phones 9 May 16","","","","14.57","09-May-2016","",""
"Warren Truss","Representative","Wide Bay","Queensland","The Nationals","Telecommunications","Telecommunications - Residential - Official","From 1 January 2016","","","","Dedicated data line 9 May 16","","","","55.16","09-May-2016","",""
"Warren Truss","Representative","Wide Bay","Queensland","The Nationals","Family Travel Costs","Family Traveller Domestic Scheduled Fares","From 1 January 2016","","","","1 Jan 16 - Sydney to Brisbane","","","","1,025.22","01-Jan-2016","",""
"Warren Truss","Representative","Wide Bay","Queensland","The Nationals","Family Travel Costs","Family Traveller Domestic Scheduled Fares","From 1 January 2016","","","","1 Jan 16 - Brisbane to Hervey Bay","","","","","01-Jan-2016","",""
"Warren Truss","Representative","Wide Bay","Queensland","The Nationals","Family Travel Costs","Family Traveller Domestic Scheduled Fares","From 1 January 2016","","","","31 Jan 16 - Hervey Bay to Sydney","","","","760.39","31-Jan-2016","",""
"Warren Truss","Representative","Wide Bay","Queensland","The Nationals","Family Travel Costs","Family Traveller Domestic Scheduled Fares","From 1 January 2016","","","","31 Jan 16 - Sydney to Canberra","","","","","31-Jan-2016","",""
"Warren Truss","Representative","Wide Bay","Queensland","The Nationals","Family Travel Costs","Family Traveller Domestic Scheduled Fares","From 1 January 2016","","","","4 Feb 16 - Canberra to Brisbane","","","","1,071.81","04-Feb-2016","",""
"Warren Truss","Representative","Wide Bay","Queensland","The Nationals","Family Travel Costs","Family Traveller Domestic Scheduled Fares","From 1 January 2016","","","","4 Feb 16 - Brisbane to Hervey Bay","","","","","04-Feb-2016","",""
"Warren Truss","Representative","Wide Bay","Queensland","The Nationals","Family Travel Costs","Family Traveller Domestic Scheduled Fares","From 1 January 2016","","","","10 Feb 16 - Hervey Bay to Sydney","","","","760.39","10-Feb-2016","",""
"Warren Truss","Representative","Wide Bay","Queensland","The Nationals","Family Travel Costs","Family Traveller Domestic Scheduled Fares","From 1 January 2016","","","","10 Feb 16 - Sydney to Canberra","","","","","10-Feb-2016","",""
"Warren Truss","Representative","Wide Bay","Queensland","The Nationals","Family Travel Costs","Family Traveller Domestic Scheduled Fares","From 1 January 2016","","","","13 Feb 16 - Canberra to Sydney","","","","337.14","13-Feb-2016","",""
"Warren Truss","Representative","Wide Bay","Queensland","The Nationals","Family Travel Costs","Family Traveller Domestic Scheduled Fares","From 1 January 2016","","","","13 Feb 16 - Sydney to Hervey Bay","","","","","13-Feb-2016","",""
"Warren Truss","Representative","Wide Bay","Queensland","The Nationals","Family Travel Costs","Family Traveller Domestic Scheduled Fares","From 1 January 2016","","","","23 Feb 16 - Hervey Bay to Sydney","","","","337.14","23-Feb-2016","",""
"Warren Truss","Representative","Wide Bay","Queensland","The Nationals","Family Travel Costs","Family Traveller Domestic Scheduled Fares","From 1 January 2016","","","","23 Feb 16 - Sydney to Canberra","","","","","23-Feb-2016","",""
"Warren Truss","Representative","Wide Bay","Queensland","The Nationals","Family Travel Costs","Family Traveller Domestic Scheduled Fares","From 1 January 2016","","","","26 Feb 16 - Canberra to Sydney","","","","337.14","26-Feb-2016","",""
"Warren Truss","Representative","Wide Bay","Queensland","The Nationals","Family Travel Costs","Family Traveller Domestic Scheduled Fares","From 1 January 2016","","","","26 Feb 16 - Sydney to Hervey Bay","","","","","26-Feb-2016","",""
"Warren Truss","Representative","Wide Bay","Queensland","The Nationals","Family Travel Costs","Family Traveller Domestic Scheduled Fares","From 1 January 2016","","","","1 Mar 16 - Hervey Bay to Brisbane","","","","1,253.62","01-Mar-2016","",""
"Warren Truss","Representative","Wide Bay","Queensland","The Nationals","Family Travel Costs","Family Traveller Domestic Scheduled Fares","From 1 January 2016","","","","1 Mar 16 - Brisbane to Canberra","","","","","01-Mar-2016","",""
"Warren Truss","Representative","Wide Bay","Queensland","The Nationals","Family Travel Costs","Family Traveller Domestic Scheduled Fares","From 1 January 2016","","","","3 Mar 16 - Canberra to Brisbane","","","","1,253.62","03-Mar-2016","",""
"Warren Truss","Representative","Wide Bay","Queensland","The Nationals","Family Travel Costs","Family Traveller Domestic Scheduled Fares","From 1 January 2016","","","","4 Mar 16 - Brisbane to Hervey Bay","","","","","04-Mar-2016","",""
"Warren Truss","Representative","Wide Bay","Queensland","The Nationals","Family Travel Costs","Family Traveller Domestic Scheduled Fares","From 1 January 2016","","","","14 Mar 16 - Hervey Bay to Brisbane","","","","1,081.58","14-Mar-2016","",""
"Warren Truss","Representative","Wide Bay","Queensland","The Nationals","Family Travel Costs","Family Traveller Domestic Scheduled Fares","From 1 January 2016","","","","14 Mar 16 - Brisbane to Canberra","","","","","14-Mar-2016","",""
"Warren Truss","Representative","Wide Bay","Queensland","The Nationals","Family Travel Costs","Family Traveller Domestic Scheduled Fares","From 1 January 2016","","","","18 Mar 16 - Canberra to Brisbane","","","","1,081.58","18-Mar-2016","",""
"Warren Truss","Representative","Wide Bay","Queensland","The Nationals","Family Travel Costs","Family Traveller Domestic Scheduled Fares","From 1 January 2016","","","","18 Mar 16 - Brisbane to Hervey Bay","","","","","18-Mar-2016","",""
"Warren Truss","Representative","Wide Bay","Queensland","The Nationals","Family Travel Costs","Family Traveller Domestic Scheduled Fares","From 1 January 2016","","","","17 Apr 16 - Hervey Bay to Sydney","","","","895.49","17-Apr-2016","",""
"Warren Truss","Representative","Wide Bay","Queensland","The Nationals","Family Travel Costs","Family Traveller Domestic Scheduled Fares","From 1 January 2016","","","","17 Apr 16 - Sydney to Canberra","","","","","17-Apr-2016","",""
"Warren Truss","Representative","Wide Bay","Queensland","The Nationals","Family Travel Costs","Family Traveller Domestic Scheduled Fares","From 1 January 2016","","","","20 Apr 16 - Canberra to Sydney","","","","337.14","20-Apr-2016","",""
"Warren Truss","Representative","Wide Bay","Queensland","The Nationals","Family Travel Costs","Family Traveller Domestic Scheduled Fares","From 1 January 2016","","","","20 Apr 16 - Sydney to Hervey Bay","","","","","20-Apr-2016","",""
"Warren Truss","Representative","Wide Bay","Queensland","The Nationals","Family Travel Costs","Family Traveller Domestic Scheduled Fares","From 1 January 2016","","","","1 May 16 - Hervey Bay to Sydney","","","","895.49","01-May-2016","",""
"Warren Truss","Representative","Wide Bay","Queensland","The Nationals","Family Travel Costs","Family Traveller Domestic Scheduled Fares","From 1 January 2016","","","","1 May 16 - Sydney to Canberra","","","","","01-May-2016","",""
"Warren Truss","Representative","Wide Bay","Queensland","The Nationals","Family Travel Costs","Family Traveller Domestic Scheduled Fares","Before 1 January 2016","","","","26 Nov 15 - Canberra to Brisbane","","","","595.46","26-Nov-2015","",""
"Warren Truss","Representative","Wide Bay","Queensland","The Nationals","Family Travel Costs","Family Traveller Domestic Scheduled Fares","Before 1 January 2016","","","","26 Nov 15 - Brisbane to Hervey Bay","","","","","26-Nov-2015","",""
"Warren Truss","Representative","Wide Bay","Queensland","The Nationals","Family Travel Costs","Family Traveller Domestic Scheduled Fares","Before 1 January 2016","","","","4 Dec 15 - Canberra to Brisbane","","","","1,199.99","04-Dec-2015","",""
"Warren Truss","Representative","Wide Bay","Queensland","The Nationals","Family Travel Costs","Family Traveller Domestic Scheduled Fares","Before 1 January 2016","","","","4 Dec 15 - Brisbane to Hervey Bay","","","","","04-Dec-2015","",""
"Warren Truss","Representative","Wide Bay","Queensland","The Nationals","Family Travel Costs","Family Traveller Domestic Scheduled Fares","Before 1 January 2016","","","","8 Dec 15 - Hervey Bay to Sydney","","","","237.15","08-Dec-2015","",""
"Warren Truss","Representative","Wide Bay","Queensland","The Nationals","Family Travel Costs","Family Traveller Domestic Scheduled Fares","Before 1 January 2016","","","","9 Dec 15 - Sydney to Brisbane","","","","666.86","09-Dec-2015","",""
"Warren Truss","Representative","Wide Bay","Queensland","The Nationals","Family Travel Costs","Family Traveller Domestic Scheduled Fares","Before 1 January 2016","","","","31 Dec 15 - Hervey Bay to Sydney","","","","237.15","31-Dec-2015","",""
"Warren Truss","Representative","Wide Bay","Queensland","The Nationals","Family Travel Costs","COMCAR","From 1 January 2016","","","","1 Jan 16 - Sydney","","","","78.60","01-Jan-2016","",""
"Warren Truss","Representative","Wide Bay","Queensland","The Nationals","Family Travel Costs","COMCAR","From 1 January 2016","","","","4 Feb 16 - Canberra","","","","40.00","04-Feb-2016","",""
"Warren Truss","Representative","Wide Bay","Queensland","The Nationals","Family Travel Costs","COMCAR","From 1 January 2016","","","","4 Feb 16 - Brisbane","","","","75.00","04-Feb-2016","",""
"Warren Truss","Representative","Wide Bay","Queensland","The Nationals","Family Travel Costs","COMCAR","From 1 January 2016","","","","10 Feb 16 - Brisbane","","","","75.00","10-Feb-2016","",""
"Warren Truss","Representative","Wide Bay","Queensland","The Nationals","Family Travel Costs","COMCAR","Before 1 January 2016","","","","12 Nov 15 - Brisbane","","","","75.00","12-Nov-2015","",""
"Warren Truss","Representative","Wide Bay","Queensland","The Nationals","Family Travel Costs","COMCAR","Before 1 January 2016","","","","26 Nov 15 - Brisbane","","","","75.00","26-Nov-2015","",""
"Warren Truss","Representative","Wide Bay","Queensland","The Nationals","Family Travel Costs","COMCAR","Before 1 January 2016","","","","4 Dec 15 - Brisbane","","","","75.00","04-Dec-2015","",""
"Warren Truss","Representative","Wide Bay","Queensland","The Nationals","Family Travel Costs","COMCAR","Before 1 January 2016","","","","8 Dec 15 - Brisbane","","","","75.00","08-Dec-2015","",""
"Warren Truss","Representative","Wide Bay","Queensland","The Nationals","Family Travel Costs","Family Traveller COMCAR","From 1 January 2016","","","","10 Feb 16 - Canberra","","","","41.80","10-Feb-2016","",""
"Warren Truss","Representative","Wide Bay","Queensland","The Nationals","Family Travel Costs","Family Traveller COMCAR","From 1 January 2016","","","","23 Feb 16 - Brisbane","","","","75.00","23-Feb-2016","",""
"Warren Truss","Representative","Wide Bay","Queensland","The Nationals","Family Travel Costs","Family Traveller COMCAR","From 1 January 2016","","","","23 Feb 16 - Canberra","","","","41.80","23-Feb-2016","",""
"Warren Truss","Representative","Wide Bay","Queensland","The Nationals","Family Travel Costs","Family Traveller COMCAR","From 1 January 2016","","","","26 Feb 16 - Brisbane","","","","75.00","26-Feb-2016","",""
"Warren Truss","Representative","Wide Bay","Queensland","The Nationals","Family Travel Costs","Family Traveller COMCAR","From 1 January 2016","","","","1 Mar 16 - Brisbane","","","","75.00","01-Mar-2016","",""
"Warren Truss","Representative","Wide Bay","Queensland","The Nationals","Family Travel Costs","Family Traveller COMCAR","From 1 January 2016","","","","3 Mar 16 - Canberra","","","","40.00","03-Mar-2016","",""
"Warren Truss","Representative","Wide Bay","Queensland","The Nationals","Family Travel Costs","Family Traveller COMCAR","From 1 January 2016","","","","18 Mar 16 - Brisbane","","","","75.00","18-Mar-2016","",""
"Warren Truss","Representative","Wide Bay","Queensland","The Nationals","Overseas Travel","Overseas Travel","Before 1 January 2016","","","","","","","","7,337.86","01-Jan-2016","","OS Ministerial - Fares"
