"Name","MemberType","Electorate","State","Party","Category","SubCategory","Period","Date From","Date To","Location","Details","Nights","Rate","Spouse","Amount","Date","Notes"
"Joel Fitzgibbon","Representative","Hunter","New South Wales","Australian Labor Party","Travelling Allowance","Parliamentary Travelling Allowance","From 1 July 2016","7 Jul 16","7 Jul 16","Canberra","Parliamentary Political Party Meeting","1","273.00","","273.00","07-Jul-2016",""
"Joel Fitzgibbon","Representative","Hunter","New South Wales","Australian Labor Party","Travelling Allowance","Parliamentary Travelling Allowance","From 1 July 2016","20 Jul 16","20 Jul 16","Sydney","Shadow Minister - Official Business","1","397.00","","397.00","20-Jul-2016",""
"Joel Fitzgibbon","Representative","Hunter","New South Wales","Australian Labor Party","Travelling Allowance","Parliamentary Travelling Allowance","From 1 July 2016","21 Jul 16","21 Jul 16","Canberra","Parliamentary Political Party Meeting","1","273.00","","273.00","21-Jul-2016",""
"Joel Fitzgibbon","Representative","Hunter","New South Wales","Australian Labor Party","Travelling Allowance","Parliamentary Travelling Allowance","From 1 July 2016","26 Jul 16","26 Jul 16","Canberra","Shadow Minister - Official Business","1","273.00","","273.00","26-Jul-2016",""
"Joel Fitzgibbon","Representative","Hunter","New South Wales","Australian Labor Party","Travelling Allowance","Parliamentary Travelling Allowance","From 1 July 2016","17 Aug 16","17 Aug 16","Canberra","Shadow Minister - Official Business","1","273.00","","273.00","17-Aug-2016",""
"Joel Fitzgibbon","Representative","Hunter","New South Wales","Australian Labor Party","Travelling Allowance","Parliamentary Travelling Allowance","From 1 July 2016","23 Aug 16","24 Aug 16","Canberra","Shadow Minister - Official Business","2","273.00","","546.00","23-Aug-2016",""
"Joel Fitzgibbon","Representative","Hunter","New South Wales","Australian Labor Party","Travelling Allowance","Parliamentary Travelling Allowance","From 1 July 2016","28 Aug 16","1 Sep 16","Canberra","Sittings of Parliament","5","276.00","","1,380.00","28-Aug-2016",""
"Joel Fitzgibbon","Representative","Hunter","New South Wales","Australian Labor Party","Travelling Allowance","Parliamentary Travelling Allowance","From 1 July 2016","8 Sep 16","8 Sep 16","Sydney","Shadow Minister - Official Business","1","400.00","","400.00","08-Sep-2016",""
"Joel Fitzgibbon","Representative","Hunter","New South Wales","Australian Labor Party","Travelling Allowance","Parliamentary Travelling Allowance","From 1 July 2016","11 Sep 16","15 Sep 16","Canberra","Sittings of Parliament","5","276.00","","1,380.00","11-Sep-2016",""
"Joel Fitzgibbon","Representative","Hunter","New South Wales","Australian Labor Party","Travelling Allowance","Parliamentary Travelling Allowance","From 1 July 2016","5 Oct 16","5 Oct 16","Sydney","Shadow Minister - Official Business","1","400.00","","400.00","05-Oct-2016",""
"Joel Fitzgibbon","Representative","Hunter","New South Wales","Australian Labor Party","Travelling Allowance","Parliamentary Travelling Allowance","From 1 July 2016","9 Oct 16","13 Oct 16","Canberra","Sittings of Parliament","5","276.00","","1,380.00","09-Oct-2016",""
"Joel Fitzgibbon","Representative","Hunter","New South Wales","Australian Labor Party","Travelling Allowance","Parliamentary Travelling Allowance","From 1 July 2016","16 Oct 16","19 Oct 16","Canberra","Sittings of Parliament","4","276.00","","1,104.00","16-Oct-2016",""
"Joel Fitzgibbon","Representative","Hunter","New South Wales","Australian Labor Party","Travelling Allowance","Parliamentary Travelling Allowance","From 1 July 2016","24 Oct 16","27 Oct 16","Canberra","Shadow Minister - Official Business","4","276.00","","1,104.00","24-Oct-2016",""
"Joel Fitzgibbon","Representative","Hunter","New South Wales","Australian Labor Party","Travelling Allowance","Parliamentary Travelling Allowance","From 1 July 2016","28 Oct 16","28 Oct 16","Gold Coast","Shadow Minister - Official Business","1","354.00","","354.00","28-Oct-2016",""
"Joel Fitzgibbon","Representative","Hunter","New South Wales","Australian Labor Party","Travelling Allowance","Parliamentary Travelling Allowance","From 1 July 2016","31 Oct 16","31 Oct 16","Mildura","Shadow Minister - Official Business","1","286.00","","286.00","31-Oct-2016",""
"Joel Fitzgibbon","Representative","Hunter","New South Wales","Australian Labor Party","Travelling Allowance","Parliamentary Travelling Allowance","From 1 July 2016","6 Nov 16","9 Nov 16","Canberra","Sittings of Parliament","4","276.00","","1,104.00","06-Nov-2016",""
"Joel Fitzgibbon","Representative","Hunter","New South Wales","Australian Labor Party","Travelling Allowance","Parliamentary Travelling Allowance","From 1 July 2016","14 Nov 16","14 Nov 16","Muswellbrook","Electorate Business","1","268.00","","268.00","14-Nov-2016",""
"Joel Fitzgibbon","Representative","Hunter","New South Wales","Australian Labor Party","Travelling Allowance","Parliamentary Travelling Allowance","From 1 July 2016","16 Nov 16","16 Nov 16","Sydney","Shadow Minister - Official Business","1","400.00","","400.00","16-Nov-2016",""
"Joel Fitzgibbon","Representative","Hunter","New South Wales","Australian Labor Party","Travelling Allowance","Parliamentary Travelling Allowance","From 1 July 2016","17 Nov 16","17 Nov 16","Canberra","Shadow Minister - Official Business","1","276.00","","276.00","17-Nov-2016",""
"Joel Fitzgibbon","Representative","Hunter","New South Wales","Australian Labor Party","Travelling Allowance","Parliamentary Travelling Allowance","From 1 July 2016","20 Nov 16","24 Nov 16","Canberra","Sittings of Parliament","5","276.00","","1,380.00","20-Nov-2016",""
"Joel Fitzgibbon","Representative","Hunter","New South Wales","Australian Labor Party","Travelling Allowance","Parliamentary Travelling Allowance","From 1 July 2016","27 Nov 16","1 Dec 16","Canberra","Sittings of Parliament","5","276.00","","1,380.00","27-Nov-2016",""
"Joel Fitzgibbon","Representative","Hunter","New South Wales","Australian Labor Party","Travelling Allowance","Parliamentary Travelling Allowance","From 1 July 2016","2 Dec 16","3 Dec 16","Dubbo","Parliamentary Political Party Meeting","2","286.00","","572.00","02-Dec-2016",""
"Joel Fitzgibbon","Representative","Hunter","New South Wales","Australian Labor Party","Travelling Allowance","Parliamentary Travelling Allowance","From 1 July 2016","6 Dec 16","7 Dec 16","Sydney","Shadow Minister - Official Business","2","400.00","","800.00","06-Dec-2016",""
"Joel Fitzgibbon","Representative","Hunter","New South Wales","Australian Labor Party","Domestic Scheduled Fares","Fares","From 1 July 2016","","","","7 Jul 16 - Newcastle to Canberra","","","","738.51","07-Jul-2016",""
"Joel Fitzgibbon","Representative","Hunter","New South Wales","Australian Labor Party","Domestic Scheduled Fares","Fares","From 1 July 2016","","","","8 Jul 16 - Canberra to Newcastle","","","","","08-Jul-2016",""
"Joel Fitzgibbon","Representative","Hunter","New South Wales","Australian Labor Party","Domestic Scheduled Fares","Fares","From 1 July 2016","","","","21 Jul 16 - Sydney to Canberra","","","","599.25","21-Jul-2016",""
"Joel Fitzgibbon","Representative","Hunter","New South Wales","Australian Labor Party","Domestic Scheduled Fares","Fares","From 1 July 2016","","","","22 Jul 16 - Canberra to Newcastle","","","","369.25","22-Jul-2016",""
"Joel Fitzgibbon","Representative","Hunter","New South Wales","Australian Labor Party","Domestic Scheduled Fares","Fares","From 1 July 2016","","","","26 Jul 16 - Newcastle to Canberra","","","","369.25","26-Jul-2016",""
"Joel Fitzgibbon","Representative","Hunter","New South Wales","Australian Labor Party","Domestic Scheduled Fares","Fares","From 1 July 2016","","","","27 Jul 16 - Canberra to Sydney","","","","329.04","27-Jul-2016",""
"Joel Fitzgibbon","Representative","Hunter","New South Wales","Australian Labor Party","Domestic Scheduled Fares","Fares","From 1 July 2016","","","","17 Aug 16 - Newcastle to Canberra","","","","369.25","17-Aug-2016",""
"Joel Fitzgibbon","Representative","Hunter","New South Wales","Australian Labor Party","Domestic Scheduled Fares","Fares","From 1 July 2016","","","","18 Aug 16 - Canberra to Sydney","","","","599.25","18-Aug-2016",""
"Joel Fitzgibbon","Representative","Hunter","New South Wales","Australian Labor Party","Domestic Scheduled Fares","Fares","From 1 July 2016","","","","23 Aug 16 - Newcastle to Canberra","","","","738.51","23-Aug-2016",""
"Joel Fitzgibbon","Representative","Hunter","New South Wales","Australian Labor Party","Domestic Scheduled Fares","Fares","From 1 July 2016","","","","25 Aug 16 - Canberra to Newcastle","","","","","25-Aug-2016",""
"Joel Fitzgibbon","Representative","Hunter","New South Wales","Australian Labor Party","Domestic Scheduled Fares","Fares","From 1 July 2016","","","","28 Aug 16 - Newcastle to Canberra","","","","738.51","28-Aug-2016",""
"Joel Fitzgibbon","Representative","Hunter","New South Wales","Australian Labor Party","Domestic Scheduled Fares","Fares","From 1 July 2016","","","","2 Sep 16 - Canberra to Newcastle","","","","","02-Sep-2016",""
"Joel Fitzgibbon","Representative","Hunter","New South Wales","Australian Labor Party","Domestic Scheduled Fares","Fares","From 1 July 2016","","","","11 Sep 16 - Newcastle to Canberra","","","","738.51","11-Sep-2016",""
"Joel Fitzgibbon","Representative","Hunter","New South Wales","Australian Labor Party","Domestic Scheduled Fares","Fares","From 1 July 2016","","","","16 Sep 16 - Canberra to Newcastle","","","","","16-Sep-2016",""
"Joel Fitzgibbon","Representative","Hunter","New South Wales","Australian Labor Party","Domestic Scheduled Fares","Fares","From 1 July 2016","","","","9 Oct 16 - Newcastle to Canberra","","","","738.51","09-Oct-2016",""
"Joel Fitzgibbon","Representative","Hunter","New South Wales","Australian Labor Party","Domestic Scheduled Fares","Fares","From 1 July 2016","","","","14 Oct 16 - Canberra to Newcastle","","","","","14-Oct-2016",""
"Joel Fitzgibbon","Representative","Hunter","New South Wales","Australian Labor Party","Domestic Scheduled Fares","Fares","From 1 July 2016","","","","16 Oct 16 - Newcastle to Canberra","","","","369.26","16-Oct-2016",""
"Joel Fitzgibbon","Representative","Hunter","New South Wales","Australian Labor Party","Domestic Scheduled Fares","Fares","From 1 July 2016","","","","20 Oct 16 - Canberra to Newcastle","","","","369.25","20-Oct-2016",""
"Joel Fitzgibbon","Representative","Hunter","New South Wales","Australian Labor Party","Domestic Scheduled Fares","Fares","From 1 July 2016","","","","16 Oct 16 - Newcastle to Canberra","","","","30.54","16-Oct-2016",""
"Joel Fitzgibbon","Representative","Hunter","New South Wales","Australian Labor Party","Domestic Scheduled Fares","Fares","From 1 July 2016","","","","20 Oct 16 - Canberra to Newcastle","","","","","20-Oct-2016",""
"Joel Fitzgibbon","Representative","Hunter","New South Wales","Australian Labor Party","Domestic Scheduled Fares","Fares","From 1 July 2016","","","","24 Oct 16 - Newcastle to Canberra","","","","369.25","24-Oct-2016",""
"Joel Fitzgibbon","Representative","Hunter","New South Wales","Australian Labor Party","Domestic Scheduled Fares","Fares","From 1 July 2016","","","","28 Oct 16 - Canberra to Brisbane","","","","799.62","28-Oct-2016",""
"Joel Fitzgibbon","Representative","Hunter","New South Wales","Australian Labor Party","Domestic Scheduled Fares","Fares","From 1 July 2016","","","","29 Oct 16 - Coolangatta to Newcastle","","","","262.73","29-Oct-2016",""
"Joel Fitzgibbon","Representative","Hunter","New South Wales","Australian Labor Party","Domestic Scheduled Fares","Fares","From 1 July 2016","","","","31 Oct 16 - Sydney to Mildura","","","","542.27","31-Oct-2016",""
"Joel Fitzgibbon","Representative","Hunter","New South Wales","Australian Labor Party","Domestic Scheduled Fares","Fares","From 1 July 2016","","","","1 Nov 16 - Mildura to Melbourne","","","","1,145.19","01-Nov-2016",""
"Joel Fitzgibbon","Representative","Hunter","New South Wales","Australian Labor Party","Domestic Scheduled Fares","Fares","From 1 July 2016","","","","1 Nov 16 - Melbourne to Sydney","","","","","01-Nov-2016",""
"Joel Fitzgibbon","Representative","Hunter","New South Wales","Australian Labor Party","Domestic Scheduled Fares","Fares","From 1 July 2016","","","","6 Nov 16 - Newcastle to Canberra","","","","369.26","06-Nov-2016",""
"Joel Fitzgibbon","Representative","Hunter","New South Wales","Australian Labor Party","Domestic Scheduled Fares","Fares","From 1 July 2016","","","","6 Nov 16 - Newcastle to Canberra","","","","30.54","06-Nov-2016",""
"Joel Fitzgibbon","Representative","Hunter","New South Wales","Australian Labor Party","Domestic Scheduled Fares","Fares","From 1 July 2016","","","","10 Nov 16 - Canberra to Sydney","","","","526.99","10-Nov-2016",""
"Joel Fitzgibbon","Representative","Hunter","New South Wales","Australian Labor Party","Domestic Scheduled Fares","Fares","From 1 July 2016","","","","17 Nov 16 - Sydney to Canberra","","","","599.25","17-Nov-2016",""
"Joel Fitzgibbon","Representative","Hunter","New South Wales","Australian Labor Party","Domestic Scheduled Fares","Fares","From 1 July 2016","","","","18 Nov 16 - Canberra to Newcastle","","","","406.18","18-Nov-2016",""
"Joel Fitzgibbon","Representative","Hunter","New South Wales","Australian Labor Party","Domestic Scheduled Fares","Fares","From 1 July 2016","","","","20 Nov 16 - Newcastle to Canberra","","","","738.51","20-Nov-2016",""
"Joel Fitzgibbon","Representative","Hunter","New South Wales","Australian Labor Party","Domestic Scheduled Fares","Fares","From 1 July 2016","","","","25 Nov 16 - Canberra to Newcastle","","","","","25-Nov-2016",""
"Joel Fitzgibbon","Representative","Hunter","New South Wales","Australian Labor Party","Domestic Scheduled Fares","Fares","From 1 July 2016","","","","27 Nov 16 - Newcastle to Canberra","","","","406.18","27-Nov-2016",""
"Joel Fitzgibbon","Representative","Hunter","New South Wales","Australian Labor Party","Domestic Scheduled Fares","Fares","From 1 July 2016","","","","2 Dec 16 - Canberra to Newcastle","","","","33.59","02-Dec-2016",""
"Joel Fitzgibbon","Representative","Hunter","New South Wales","Australian Labor Party","Domestic Scheduled Fares","Fares","Before 1 July 2016","","","","7 Apr 16 - Newcastle to Canberra","","","","30.54","07-Apr-2016",""
"Joel Fitzgibbon","Representative","Hunter","New South Wales","Australian Labor Party","Domestic Scheduled Fares","Fares","Before 1 July 2016","","","","10 Apr 16 - Canberra to Newcastle","","","","","10-Apr-2016",""
"Joel Fitzgibbon","Representative","Hunter","New South Wales","Australian Labor Party","Domestic Scheduled Fares","Fares","Before 1 July 2016","","","","22 Apr 16 - Canberra to Newcastle","","","","30.54","22-Apr-2016",""
"Joel Fitzgibbon","Representative","Hunter","New South Wales","Australian Labor Party","Domestic Scheduled Fares","Fares","Before 1 July 2016","","","","15 Jun 16 - Gladstone to Brisbane","","","","370.77","15-Jun-2016",""
"Joel Fitzgibbon","Representative","Hunter","New South Wales","Australian Labor Party","Domestic Scheduled Fares","Fares","Before 1 July 2016","","","","27 Jun 16 - Newcastle to Canberra","","","","369.25","27-Jun-2016",""
"Joel Fitzgibbon","Representative","Hunter","New South Wales","Australian Labor Party","Car Costs","Private-Plated Vehicle","From 1 July 2016","","","","Fuel 2 Jul to 15 Jul 16","","","","203.72","15-Jul-2016",""
"Joel Fitzgibbon","Representative","Hunter","New South Wales","Australian Labor Party","Car Costs","Private-Plated Vehicle","From 1 July 2016","","","","Lease 27 Jul to 26 Aug 16","","","","1,087.45","26-Aug-2016",""
"Joel Fitzgibbon","Representative","Hunter","New South Wales","Australian Labor Party","Car Costs","Private-Plated Vehicle","From 1 July 2016","","","","Fuel 30 Jul to 22 Aug 16","","","","238.91","22-Aug-2016",""
"Joel Fitzgibbon","Representative","Hunter","New South Wales","Australian Labor Party","Car Costs","Private-Plated Vehicle","From 1 July 2016","","","","Lease 27 Aug to 26 Sep 16","","","","1,087.45","26-Sep-2016",""
"Joel Fitzgibbon","Representative","Hunter","New South Wales","Australian Labor Party","Car Costs","Private-Plated Vehicle","From 1 July 2016","","","","Fuel 7 Sep 16","","","","62.85","07-Sep-2016",""
"Joel Fitzgibbon","Representative","Hunter","New South Wales","Australian Labor Party","Car Costs","Private-Plated Vehicle","From 1 July 2016","","","","Fuel 24 Sep to 16 Oct 16","","","","256.75","16-Oct-2016",""
"Joel Fitzgibbon","Representative","Hunter","New South Wales","Australian Labor Party","Car Costs","Private-Plated Vehicle","From 1 July 2016","","","","Lease 27 Sep to 26 Oct 16","","","","1,087.45","26-Oct-2016",""
"Joel Fitzgibbon","Representative","Hunter","New South Wales","Australian Labor Party","Car Costs","Private-Plated Vehicle","From 1 July 2016","","","","Lease 27 Oct to 26 Nov 16","","","","1,087.44","26-Nov-2016",""
"Joel Fitzgibbon","Representative","Hunter","New South Wales","Australian Labor Party","Car Costs","Private-Plated Vehicle","Before 1 July 2016","","","","Fuel 3 Jun to 29 Jun 16","","","","420.85","29-Jun-2016",""
"Joel Fitzgibbon","Representative","Hunter","New South Wales","Australian Labor Party","Car Costs","Private-Plated Vehicle","Before 1 July 2016","","","","Infringement notice fee 19 Jun 16","","","","15.00","19-Jun-2016",""
"Joel Fitzgibbon","Representative","Hunter","New South Wales","Australian Labor Party","Car Costs","Private-Plated Vehicle","Before 1 July 2016","","","","Lease 27 Jun to 26 Jul 16","","","","1,087.45","26-Jul-2016",""
"Joel Fitzgibbon","Representative","Hunter","New South Wales","Australian Labor Party","Car Costs","COMCAR","From 1 July 2016","","","","4 Jul 16 - Sydney","","","","45.50","04-Jul-2016",""
"Joel Fitzgibbon","Representative","Hunter","New South Wales","Australian Labor Party","Car Costs","COMCAR","From 1 July 2016","","","","7 Jul 16 - Sydney","","","","166.80","07-Jul-2016",""
"Joel Fitzgibbon","Representative","Hunter","New South Wales","Australian Labor Party","Car Costs","COMCAR","From 1 July 2016","","","","7 Jul 16 - Canberra","","","","41.80","07-Jul-2016",""
"Joel Fitzgibbon","Representative","Hunter","New South Wales","Australian Labor Party","Car Costs","COMCAR","From 1 July 2016","","","","7 Jul 16 - Canberra","","","","40.00","07-Jul-2016",""
"Joel Fitzgibbon","Representative","Hunter","New South Wales","Australian Labor Party","Car Costs","COMCAR","From 1 July 2016","","","","7 Jul 16 - Canberra","","","","40.00","07-Jul-2016",""
"Joel Fitzgibbon","Representative","Hunter","New South Wales","Australian Labor Party","Car Costs","COMCAR","From 1 July 2016","","","","8 Jul 16 - Canberra","","","","40.00","08-Jul-2016",""
"Joel Fitzgibbon","Representative","Hunter","New South Wales","Australian Labor Party","Car Costs","COMCAR","From 1 July 2016","","","","8 Jul 16 - Sydney","","","","166.80","08-Jul-2016",""
"Joel Fitzgibbon","Representative","Hunter","New South Wales","Australian Labor Party","Car Costs","COMCAR","From 1 July 2016","","","","20 Jul 16 - Sydney","","","","278.10","20-Jul-2016",""
"Joel Fitzgibbon","Representative","Hunter","New South Wales","Australian Labor Party","Car Costs","COMCAR","From 1 July 2016","","","","21 Jul 16 - Sydney","","","","40.00","21-Jul-2016",""
"Joel Fitzgibbon","Representative","Hunter","New South Wales","Australian Labor Party","Car Costs","COMCAR","From 1 July 2016","","","","21 Jul 16 - Canberra","","","","41.80","21-Jul-2016",""
"Joel Fitzgibbon","Representative","Hunter","New South Wales","Australian Labor Party","Car Costs","COMCAR","From 1 July 2016","","","","21 Jul 16 - Canberra","","","","40.00","21-Jul-2016",""
"Joel Fitzgibbon","Representative","Hunter","New South Wales","Australian Labor Party","Car Costs","COMCAR","From 1 July 2016","","","","21 Jul 16 - Canberra","","","","40.00","21-Jul-2016",""
"Joel Fitzgibbon","Representative","Hunter","New South Wales","Australian Labor Party","Car Costs","COMCAR","From 1 July 2016","","","","22 Jul 16 - Canberra","","","","40.00","22-Jul-2016",""
"Joel Fitzgibbon","Representative","Hunter","New South Wales","Australian Labor Party","Car Costs","COMCAR","From 1 July 2016","","","","22 Jul 16 - Canberra","","","","78.60","22-Jul-2016",""
"Joel Fitzgibbon","Representative","Hunter","New South Wales","Australian Labor Party","Car Costs","COMCAR","From 1 July 2016","","","","22 Jul 16 - Sydney","","","","193.20","22-Jul-2016",""
"Joel Fitzgibbon","Representative","Hunter","New South Wales","Australian Labor Party","Car Costs","COMCAR","From 1 July 2016","","","","26 Jul 16 - Sydney","","","","151.80","26-Jul-2016",""
"Joel Fitzgibbon","Representative","Hunter","New South Wales","Australian Labor Party","Car Costs","COMCAR","From 1 July 2016","","","","26 Jul 16 - Canberra","","","","41.80","26-Jul-2016",""
"Joel Fitzgibbon","Representative","Hunter","New South Wales","Australian Labor Party","Car Costs","COMCAR","From 1 July 2016","","","","26 Jul 16 - Canberra","","","","40.00","26-Jul-2016",""
"Joel Fitzgibbon","Representative","Hunter","New South Wales","Australian Labor Party","Car Costs","COMCAR","From 1 July 2016","","","","26 Jul 16 - Canberra","","","","57.64","26-Jul-2016",""
"Joel Fitzgibbon","Representative","Hunter","New South Wales","Australian Labor Party","Car Costs","COMCAR","From 1 July 2016","","","","27 Jul 16 - Canberra","","","","40.00","27-Jul-2016",""
"Joel Fitzgibbon","Representative","Hunter","New South Wales","Australian Labor Party","Car Costs","COMCAR","From 1 July 2016","","","","27 Jul 16 - Sydney","","","","284.90","27-Jul-2016",""
"Joel Fitzgibbon","Representative","Hunter","New South Wales","Australian Labor Party","Car Costs","COMCAR","From 1 July 2016","","","","18 Aug 16 - Canberra","","","","40.00","18-Aug-2016",""
"Joel Fitzgibbon","Representative","Hunter","New South Wales","Australian Labor Party","Car Costs","COMCAR","From 1 July 2016","","","","18 Aug 16 - Canberra","","","","40.00","18-Aug-2016",""
"Joel Fitzgibbon","Representative","Hunter","New South Wales","Australian Labor Party","Car Costs","COMCAR","From 1 July 2016","","","","18 Aug 16 - Sydney","","","","277.52","18-Aug-2016",""
"Joel Fitzgibbon","Representative","Hunter","New South Wales","Australian Labor Party","Car Costs","COMCAR","From 1 July 2016","","","","23 Aug 16 - Sydney","","","","152.90","23-Aug-2016",""
"Joel Fitzgibbon","Representative","Hunter","New South Wales","Australian Labor Party","Car Costs","COMCAR","From 1 July 2016","","","","23 Aug 16 - Canberra","","","","41.80","23-Aug-2016",""
"Joel Fitzgibbon","Representative","Hunter","New South Wales","Australian Labor Party","Car Costs","COMCAR","From 1 July 2016","","","","23 Aug 16 - Canberra","","","","40.00","23-Aug-2016",""
"Joel Fitzgibbon","Representative","Hunter","New South Wales","Australian Labor Party","Car Costs","COMCAR","From 1 July 2016","","","","24 Aug 16 - Canberra","","","","40.00","24-Aug-2016",""
"Joel Fitzgibbon","Representative","Hunter","New South Wales","Australian Labor Party","Car Costs","COMCAR","From 1 July 2016","","","","24 Aug 16 - Canberra","","","","40.00","24-Aug-2016",""
"Joel Fitzgibbon","Representative","Hunter","New South Wales","Australian Labor Party","Car Costs","COMCAR","From 1 July 2016","","","","24 Aug 16 - Canberra","","","","40.00","24-Aug-2016",""
"Joel Fitzgibbon","Representative","Hunter","New South Wales","Australian Labor Party","Car Costs","COMCAR","From 1 July 2016","","","","24 Aug 16 - Canberra","","","","78.60","24-Aug-2016",""
"Joel Fitzgibbon","Representative","Hunter","New South Wales","Australian Labor Party","Car Costs","COMCAR","From 1 July 2016","","","","24 Aug 16 - Canberra","","","","58.95","24-Aug-2016",""
"Joel Fitzgibbon","Representative","Hunter","New South Wales","Australian Labor Party","Car Costs","COMCAR","From 1 July 2016","","","","25 Aug 16 - Canberra","","","","40.00","25-Aug-2016",""
"Joel Fitzgibbon","Representative","Hunter","New South Wales","Australian Labor Party","Car Costs","COMCAR","From 1 July 2016","","","","28 Aug 16 - Sydney","","","","183.62","28-Aug-2016",""
"Joel Fitzgibbon","Representative","Hunter","New South Wales","Australian Labor Party","Car Costs","COMCAR","From 1 July 2016","","","","2 Sep 16 - Sydney","","","","159.88","02-Sep-2016",""
"Joel Fitzgibbon","Representative","Hunter","New South Wales","Australian Labor Party","Car Costs","COMCAR","From 1 July 2016","","","","8 Sep 16 - Sydney","","","","267.95","08-Sep-2016",""
"Joel Fitzgibbon","Representative","Hunter","New South Wales","Australian Labor Party","Car Costs","COMCAR","From 1 July 2016","","","","9 Sep 16 - Sydney","","","","340.60","09-Sep-2016",""
"Joel Fitzgibbon","Representative","Hunter","New South Wales","Australian Labor Party","Car Costs","COMCAR","From 1 July 2016","","","","11 Sep 16 - Sydney","","","","168.30","11-Sep-2016",""
"Joel Fitzgibbon","Representative","Hunter","New South Wales","Australian Labor Party","Car Costs","COMCAR","From 1 July 2016","","","","14 Sep 16 - Canberra","","","","40.00","14-Sep-2016",""
"Joel Fitzgibbon","Representative","Hunter","New South Wales","Australian Labor Party","Car Costs","COMCAR","From 1 July 2016","","","","16 Sep 16 - Sydney","","","","166.80","16-Sep-2016",""
"Joel Fitzgibbon","Representative","Hunter","New South Wales","Australian Labor Party","Car Costs","COMCAR","From 1 July 2016","","","","5 Oct 16 - Sydney","","","","47.30","05-Oct-2016",""
"Joel Fitzgibbon","Representative","Hunter","New South Wales","Australian Labor Party","Car Costs","COMCAR","From 1 July 2016","","","","9 Oct 16 - Sydney","","","","183.60","09-Oct-2016",""
"Joel Fitzgibbon","Representative","Hunter","New South Wales","Australian Labor Party","Car Costs","COMCAR","From 1 July 2016","","","","11 Oct 16 - Canberra","","","","40.00","11-Oct-2016",""
"Joel Fitzgibbon","Representative","Hunter","New South Wales","Australian Labor Party","Car Costs","COMCAR","From 1 July 2016","","","","14 Oct 16 - Sydney","","","","291.90","14-Oct-2016",""
"Joel Fitzgibbon","Representative","Hunter","New South Wales","Australian Labor Party","Car Costs","COMCAR","From 1 July 2016","","","","16 Oct 16 - Sydney","","","","173.80","16-Oct-2016",""
"Joel Fitzgibbon","Representative","Hunter","New South Wales","Australian Labor Party","Car Costs","COMCAR","From 1 July 2016","","","","20 Oct 16 - Sydney","","","","166.80","20-Oct-2016",""
"Joel Fitzgibbon","Representative","Hunter","New South Wales","Australian Labor Party","Car Costs","COMCAR","From 1 July 2016","","","","24 Oct 16 - Sydney","","","","166.80","24-Oct-2016",""
"Joel Fitzgibbon","Representative","Hunter","New South Wales","Australian Labor Party","Car Costs","COMCAR","From 1 July 2016","","","","24 Oct 16 - Canberra","","","","113.15","24-Oct-2016",""
"Joel Fitzgibbon","Representative","Hunter","New South Wales","Australian Labor Party","Car Costs","COMCAR","From 1 July 2016","","","","25 Oct 16 - Canberra","","","","40.00","25-Oct-2016",""
"Joel Fitzgibbon","Representative","Hunter","New South Wales","Australian Labor Party","Car Costs","COMCAR","From 1 July 2016","","","","25 Oct 16 - Canberra","","","","40.00","25-Oct-2016",""
"Joel Fitzgibbon","Representative","Hunter","New South Wales","Australian Labor Party","Car Costs","COMCAR","From 1 July 2016","","","","26 Oct 16 - Canberra","","","","40.00","26-Oct-2016",""
"Joel Fitzgibbon","Representative","Hunter","New South Wales","Australian Labor Party","Car Costs","COMCAR","From 1 July 2016","","","","27 Oct 16 - Canberra","","","","53.20","27-Oct-2016",""
"Joel Fitzgibbon","Representative","Hunter","New South Wales","Australian Labor Party","Car Costs","COMCAR","From 1 July 2016","","","","27 Oct 16 - Canberra","","","","52.40","27-Oct-2016",""
"Joel Fitzgibbon","Representative","Hunter","New South Wales","Australian Labor Party","Car Costs","COMCAR","From 1 July 2016","","","","27 Oct 16 - Canberra","","","","40.00","27-Oct-2016",""
"Joel Fitzgibbon","Representative","Hunter","New South Wales","Australian Labor Party","Car Costs","COMCAR","From 1 July 2016","","","","27 Oct 16 - Canberra","","","","40.00","27-Oct-2016",""
"Joel Fitzgibbon","Representative","Hunter","New South Wales","Australian Labor Party","Car Costs","COMCAR","From 1 July 2016","","","","27 Oct 16 - Canberra","","","","62.88","27-Oct-2016",""
"Joel Fitzgibbon","Representative","Hunter","New South Wales","Australian Labor Party","Car Costs","COMCAR","From 1 July 2016","","","","28 Oct 16 - Canberra","","","","40.00","28-Oct-2016",""
"Joel Fitzgibbon","Representative","Hunter","New South Wales","Australian Labor Party","Car Costs","COMCAR","From 1 July 2016","","","","29 Oct 16 - Sydney","","","","183.60","29-Oct-2016",""
"Joel Fitzgibbon","Representative","Hunter","New South Wales","Australian Labor Party","Car Costs","COMCAR","From 1 July 2016","","","","31 Oct 16 - Sydney","","","","282.87","31-Oct-2016",""
"Joel Fitzgibbon","Representative","Hunter","New South Wales","Australian Labor Party","Car Costs","COMCAR","From 1 July 2016","","","","1 Nov 16 - Sydney","","","","273.59","01-Nov-2016",""
"Joel Fitzgibbon","Representative","Hunter","New South Wales","Australian Labor Party","Car Costs","COMCAR","From 1 July 2016","","","","6 Nov 16 - Sydney","","","","183.60","06-Nov-2016",""
"Joel Fitzgibbon","Representative","Hunter","New South Wales","Australian Labor Party","Car Costs","COMCAR","From 1 July 2016","","","","10 Nov 16 - Sydney","","","","365.41","10-Nov-2016",""
"Joel Fitzgibbon","Representative","Hunter","New South Wales","Australian Labor Party","Car Costs","COMCAR","From 1 July 2016","","","","16 Nov 16 - Sydney","","","","129.46","16-Nov-2016",""
"Joel Fitzgibbon","Representative","Hunter","New South Wales","Australian Labor Party","Car Costs","COMCAR","From 1 July 2016","","","","17 Nov 16 - Sydney","","","","40.00","17-Nov-2016",""
"Joel Fitzgibbon","Representative","Hunter","New South Wales","Australian Labor Party","Car Costs","COMCAR","From 1 July 2016","","","","18 Nov 16 - Canberra","","","","40.00","18-Nov-2016",""
"Joel Fitzgibbon","Representative","Hunter","New South Wales","Australian Labor Party","Car Costs","COMCAR","From 1 July 2016","","","","18 Nov 16 - Sydney","","","","189.60","18-Nov-2016",""
"Joel Fitzgibbon","Representative","Hunter","New South Wales","Australian Labor Party","Car Costs","COMCAR","From 1 July 2016","","","","20 Nov 16 - Sydney","","","","189.66","20-Nov-2016",""
"Joel Fitzgibbon","Representative","Hunter","New South Wales","Australian Labor Party","Car Costs","COMCAR","From 1 July 2016","","","","24 Nov 16 - Canberra","","","","40.00","24-Nov-2016",""
"Joel Fitzgibbon","Representative","Hunter","New South Wales","Australian Labor Party","Car Costs","COMCAR","From 1 July 2016","","","","25 Nov 16 - Sydney","","","","166.80","25-Nov-2016",""
"Joel Fitzgibbon","Representative","Hunter","New South Wales","Australian Labor Party","Car Costs","COMCAR","From 1 July 2016","","","","27 Nov 16 - Sydney","","","","168.30","27-Nov-2016",""
"Joel Fitzgibbon","Representative","Hunter","New South Wales","Australian Labor Party","Car Costs","COMCAR","From 1 July 2016","","","","6 Dec 16 - Sydney","","","","66.89","06-Dec-2016",""
"Joel Fitzgibbon","Representative","Hunter","New South Wales","Australian Labor Party","Car Costs","COMCAR","Before 1 July 2016","","","","3 Jun 16 - Sydney","","","","159.85","03-Jun-2016",""
"Joel Fitzgibbon","Representative","Hunter","New South Wales","Australian Labor Party","Car Costs","COMCAR","Before 1 July 2016","","","","15 Jun 16 - Sydney","","","","165.60","15-Jun-2016",""
"Joel Fitzgibbon","Representative","Hunter","New South Wales","Australian Labor Party","Car Costs","COMCAR","Before 1 July 2016","","","","22 Jun 16 - Sydney","","","","152.90","22-Jun-2016",""
"Joel Fitzgibbon","Representative","Hunter","New South Wales","Australian Labor Party","Car Costs","COMCAR","Before 1 July 2016","","","","24 Jun 16 - Sydney","","","","166.80","24-Jun-2016",""
"Joel Fitzgibbon","Representative","Hunter","New South Wales","Australian Labor Party","Car Costs","COMCAR","Before 1 July 2016","","","","27 Jun 16 - Sydney","","","","152.90","27-Jun-2016",""
"Joel Fitzgibbon","Representative","Hunter","New South Wales","Australian Labor Party","Car Costs","Cabcharge","From 1 July 2016","","","","4 Jul 16","","","","58.50","04-Jul-2016",""
"Joel Fitzgibbon","Representative","Hunter","New South Wales","Australian Labor Party","Car Costs","Cabcharge","From 1 July 2016","","","","20 Jul 16","","","","49.97","20-Jul-2016",""
"Joel Fitzgibbon","Representative","Hunter","New South Wales","Australian Labor Party","Car Costs","Cabcharge","From 1 July 2016","","","","20 Jul 16","","","","14.58","20-Jul-2016",""
"Joel Fitzgibbon","Representative","Hunter","New South Wales","Australian Labor Party","Car Costs","Cabcharge","From 1 July 2016","","","","20 Jul 16","","","","7.67","20-Jul-2016",""
"Joel Fitzgibbon","Representative","Hunter","New South Wales","Australian Labor Party","Car Costs","Cabcharge","From 1 July 2016","","","","8 Sep 16","","","","14.39","08-Sep-2016",""
"Joel Fitzgibbon","Representative","Hunter","New South Wales","Australian Labor Party","Car Costs","Cabcharge","From 1 July 2016","","","","8 Sep 16","","","","11.89","08-Sep-2016",""
"Joel Fitzgibbon","Representative","Hunter","New South Wales","Australian Labor Party","Car Costs","Cabcharge","From 1 July 2016","","","","9 Sep 16","","","","30.69","09-Sep-2016",""
"Joel Fitzgibbon","Representative","Hunter","New South Wales","Australian Labor Party","Car Costs","Cabcharge","From 1 July 2016","","","","9 Sep 16","","","","15.64","09-Sep-2016",""
"Joel Fitzgibbon","Representative","Hunter","New South Wales","Australian Labor Party","Car Costs","Cabcharge","From 1 July 2016","","","","5 Oct 16","","","","8.92","05-Oct-2016",""
"Joel Fitzgibbon","Representative","Hunter","New South Wales","Australian Labor Party","Car Costs","Cabcharge","From 1 July 2016","","","","6 Oct 16","","","","14.39","06-Oct-2016",""
"Joel Fitzgibbon","Representative","Hunter","New South Wales","Australian Labor Party","Car Costs","Cabcharge","From 1 July 2016","","","","6 Oct 16","","","","52.66","06-Oct-2016",""
"Joel Fitzgibbon","Representative","Hunter","New South Wales","Australian Labor Party","Car Costs","Cabcharge","From 1 July 2016","","","","29 Oct 16","","","","11.60","29-Oct-2016",""
"Joel Fitzgibbon","Representative","Hunter","New South Wales","Australian Labor Party","Car Costs","Cabcharge","From 1 July 2016","","","","29 Oct 16","","","","11.60","29-Oct-2016",""
"Joel Fitzgibbon","Representative","Hunter","New South Wales","Australian Labor Party","Car Costs","Cabcharge","From 1 July 2016","","","","16 Nov 16","","","","14.39","16-Nov-2016",""
"Joel Fitzgibbon","Representative","Hunter","New South Wales","Australian Labor Party","Car Costs","Cabcharge","From 1 July 2016","","","","2 Dec 16","","","","12.28","02-Dec-2016",""
"Joel Fitzgibbon","Representative","Hunter","New South Wales","Australian Labor Party","Car Costs","Cabcharge","From 1 July 2016","","","","2 Dec 16","","","","12.76","02-Dec-2016",""
"Joel Fitzgibbon","Representative","Hunter","New South Wales","Australian Labor Party","Car Costs","Cabcharge","Before 1 July 2016","","","","22 Jun 16","","","","20.89","22-Jun-2016",""
"Joel Fitzgibbon","Representative","Hunter","New South Wales","Australian Labor Party","Car Costs","Cabcharge","Before 1 July 2016","","","","23 Jun 16","","","","18.57","23-Jun-2016",""
"Joel Fitzgibbon","Representative","Hunter","New South Wales","Australian Labor Party","Office Facilities","Office Facilities","From 1 July 2016","","","","Aggregated Total","","","","52,999.07","01-Jan-1900",""
"Joel Fitzgibbon","Representative","Hunter","New South Wales","Australian Labor Party","Office Facilities","Office Facilities","Before 1 July 2016","","","","Aggregated Total","","","","7,914.02","01-Jan-1900",""
"Joel Fitzgibbon","Representative","Hunter","New South Wales","Australian Labor Party","Office Administrative Costs","Office Consumables and Services","From 1 July 2016","","","","Office requisites and stationery 1 Jul to 31 Jul 16","","","","123.72","31-Jul-2016",""
"Joel Fitzgibbon","Representative","Hunter","New South Wales","Australian Labor Party","Office Administrative Costs","Office Consumables and Services","From 1 July 2016","","","","MFD Monochrome copy charge 24 Jul to 23 Aug 16","","","","16.38","23-Aug-2016",""
"Joel Fitzgibbon","Representative","Hunter","New South Wales","Australian Labor Party","Office Administrative Costs","Office Consumables and Services","From 1 July 2016","","","","MFD Colour copy charge 24 Jul to 23 Aug 16","","","","155.53","23-Aug-2016",""
"Joel Fitzgibbon","Representative","Hunter","New South Wales","Australian Labor Party","Office Administrative Costs","Office Consumables and Services","From 1 July 2016","","","","Office requisites and stationery 1 Aug to 31 Aug 16","","","","592.68","31-Aug-2016",""
"Joel Fitzgibbon","Representative","Hunter","New South Wales","Australian Labor Party","Office Administrative Costs","Office Consumables and Services","From 1 July 2016","","","","MFD Colour copy charge 24 Aug to 23 Sep 16","","","","52.70","23-Sep-2016",""
"Joel Fitzgibbon","Representative","Hunter","New South Wales","Australian Labor Party","Office Administrative Costs","Office Consumables and Services","From 1 July 2016","","","","MFD Monochrome copy charge 24 Aug to 23 Sep 16","","","","30.54","23-Sep-2016",""
"Joel Fitzgibbon","Representative","Hunter","New South Wales","Australian Labor Party","Office Administrative Costs","Office Consumables and Services","From 1 July 2016","","","","Office requisites and stationery 1 Sep to 30 Sep 16","","","","171.76","30-Sep-2016",""
"Joel Fitzgibbon","Representative","Hunter","New South Wales","Australian Labor Party","Office Administrative Costs","Office Consumables and Services","From 1 July 2016","","","","Flags 1 Sep to 30 Sep 16","","","","2,359.00","30-Sep-2016",""
"Joel Fitzgibbon","Representative","Hunter","New South Wales","Australian Labor Party","Office Administrative Costs","Office Consumables and Services","From 1 July 2016","","","","Freight costs 5 Sep 16","","","","120.00","05-Sep-2016",""
"Joel Fitzgibbon","Representative","Hunter","New South Wales","Australian Labor Party","Office Administrative Costs","Office Consumables and Services","From 1 July 2016","","","","MFD Monochrome copy charge 24 Sep to 23 Oct 16","","","","11.99","23-Oct-2016",""
"Joel Fitzgibbon","Representative","Hunter","New South Wales","Australian Labor Party","Office Administrative Costs","Office Consumables and Services","From 1 July 2016","","","","MFD Colour copy charge 24 Sep to 23 Oct 16","","","","33.44","23-Oct-2016",""
"Joel Fitzgibbon","Representative","Hunter","New South Wales","Australian Labor Party","Office Administrative Costs","Office Consumables and Services","From 1 July 2016","","","","Software reimbursement 2016/17","","","","933.64","01-Jan-1900",""
"Joel Fitzgibbon","Representative","Hunter","New South Wales","Australian Labor Party","Office Administrative Costs","Office Consumables and Services","From 1 July 2016","","","","Software reimbursement 2016/17","","","","1,500.00","01-Jan-1900",""
"Joel Fitzgibbon","Representative","Hunter","New South Wales","Australian Labor Party","Office Administrative Costs","Office Consumables and Services","From 1 July 2016","","","","MFD Colour copy charge 24 Oct to 23 Nov 16","","","","92.17","23-Nov-2016",""
"Joel Fitzgibbon","Representative","Hunter","New South Wales","Australian Labor Party","Office Administrative Costs","Office Consumables and Services","From 1 July 2016","","","","MFD Monochrome copy charge 24 Oct to 23 Nov 16","","","","13.83","23-Nov-2016",""
"Joel Fitzgibbon","Representative","Hunter","New South Wales","Australian Labor Party","Office Administrative Costs","Office Consumables and Services","Before 1 July 2016","","","","MFD Monochrome copy charge 24 Apr to 23 May 16","","","","46.07","23-May-2016",""
"Joel Fitzgibbon","Representative","Hunter","New South Wales","Australian Labor Party","Office Administrative Costs","Office Consumables and Services","Before 1 July 2016","","","","MFD Colour copy charge 24 Apr to 23 May 16","","","","836.21","23-May-2016",""
"Joel Fitzgibbon","Representative","Hunter","New South Wales","Australian Labor Party","Office Administrative Costs","Office Consumables and Services","Before 1 July 2016","","","","MFD Colour copy charge 24 May to 23 Jun 16","","","","327.00","23-Jun-2016",""
"Joel Fitzgibbon","Representative","Hunter","New South Wales","Australian Labor Party","Office Administrative Costs","Office Consumables and Services","Before 1 July 2016","","","","MFD Monochrome copy charge 24 May to 23 Jun 16","","","","16.99","23-Jun-2016",""
"Joel Fitzgibbon","Representative","Hunter","New South Wales","Australian Labor Party","Office Administrative Costs","Office Consumables and Services","Before 1 July 2016","","","","Office requisites and stationery 1 Jun to 30 Jun 16","","","","457.31","30-Jun-2016",""
"Joel Fitzgibbon","Representative","Hunter","New South Wales","Australian Labor Party","Office Administrative Costs","Office Consumables and Services","Before 1 July 2016","","","","MFD Monochrome copy charge 24 Jun to 23 Jul 16","","","","33.87","23-Jul-2016",""
"Joel Fitzgibbon","Representative","Hunter","New South Wales","Australian Labor Party","Office Administrative Costs","Office Consumables and Services","Before 1 July 2016","","","","MFD Colour copy charge 24 Jun to 23 Jul 16","","","","192.72","23-Jul-2016",""
"Joel Fitzgibbon","Representative","Hunter","New South Wales","Australian Labor Party","Office Administrative Costs","Printing and Communications","From 1 July 2016","","","","Distribution 1 Jul to 31 Jul 16","","","","1.68","31-Jul-2016",""
"Joel Fitzgibbon","Representative","Hunter","New South Wales","Australian Labor Party","Office Administrative Costs","Printing and Communications","From 1 July 2016","","","","Web-design 27 Jul 16","","","","270.00","27-Jul-2016",""
"Joel Fitzgibbon","Representative","Hunter","New South Wales","Australian Labor Party","Office Administrative Costs","Printing and Communications","From 1 July 2016","","","","Distribution 1 Aug to 31 Aug 16","","","","0.59","31-Aug-2016",""
"Joel Fitzgibbon","Representative","Hunter","New South Wales","Australian Labor Party","Office Administrative Costs","Printing and Communications","From 1 July 2016","","","","1 Printed item 3 Aug 16","","","","227.27","03-Aug-2016",""
"Joel Fitzgibbon","Representative","Hunter","New South Wales","Australian Labor Party","Office Administrative Costs","Printing and Communications","From 1 July 2016","","","","Web-services 17 Aug 16","","","","122.58","17-Aug-2016",""
"Joel Fitzgibbon","Representative","Hunter","New South Wales","Australian Labor Party","Office Administrative Costs","Printing and Communications","From 1 July 2016","","","","e-material 26 Aug 16","","","","300.09","26-Aug-2016",""
"Joel Fitzgibbon","Representative","Hunter","New South Wales","Australian Labor Party","Office Administrative Costs","Printing and Communications","From 1 July 2016","","","","Distribution 1 Sep to 30 Sep 16","","","","3,637.45","30-Sep-2016",""
"Joel Fitzgibbon","Representative","Hunter","New South Wales","Australian Labor Party","Office Administrative Costs","Printing and Communications","From 1 July 2016","","","","Distribution credit 1 Sep to 30 Sep 16","","","","-90.91","30-Sep-2016",""
"Joel Fitzgibbon","Representative","Hunter","New South Wales","Australian Labor Party","Office Administrative Costs","Printing and Communications","From 1 July 2016","","","","1,000 Personalised letterhead stationery 2 Sep 16","","","","791.00","02-Sep-2016",""
"Joel Fitzgibbon","Representative","Hunter","New South Wales","Australian Labor Party","Office Administrative Costs","Printing and Communications","From 1 July 2016","","","","500 Personalised letterhead stationery 2 Sep 16","","","","169.75","02-Sep-2016",""
"Joel Fitzgibbon","Representative","Hunter","New South Wales","Australian Labor Party","Office Administrative Costs","Printing and Communications","From 1 July 2016","","","","5,000 Personalised letterhead stationery 2 Sep 16","","","","1,087.00","02-Sep-2016",""
"Joel Fitzgibbon","Representative","Hunter","New South Wales","Australian Labor Party","Office Administrative Costs","Printing and Communications","From 1 July 2016","","","","1,000 Personalised letterhead stationery 2 Sep 16","","","","445.00","02-Sep-2016",""
"Joel Fitzgibbon","Representative","Hunter","New South Wales","Australian Labor Party","Office Administrative Costs","Printing and Communications","From 1 July 2016","","","","200 Printed items 14 Sep 16","","","","796.00","14-Sep-2016",""
"Joel Fitzgibbon","Representative","Hunter","New South Wales","Australian Labor Party","Office Administrative Costs","Printing and Communications","From 1 July 2016","","","","Web-services 28 Sep 16","","","","116.42","28-Sep-2016",""
"Joel Fitzgibbon","Representative","Hunter","New South Wales","Australian Labor Party","Office Administrative Costs","Printing and Communications","From 1 July 2016","","","","1 Printed item 18 Oct 16","","","","181.82","18-Oct-2016",""
"Joel Fitzgibbon","Representative","Hunter","New South Wales","Australian Labor Party","Office Administrative Costs","Printing and Communications","From 1 July 2016","","","","1 Printed item 20 Oct 16","","","","682.75","20-Oct-2016",""
"Joel Fitzgibbon","Representative","Hunter","New South Wales","Australian Labor Party","Office Administrative Costs","Printing and Communications","From 1 July 2016","","","","1 Printed item 24 Oct 16","","","","113.64","24-Oct-2016",""
"Joel Fitzgibbon","Representative","Hunter","New South Wales","Australian Labor Party","Office Administrative Costs","Printing and Communications","From 1 July 2016","","","","e-material 28 Oct 16","","","","117.39","28-Oct-2016",""
"Joel Fitzgibbon","Representative","Hunter","New South Wales","Australian Labor Party","Office Administrative Costs","Printing and Communications","From 1 July 2016","","","","Distribution 1 Nov to 30 Nov 16","","","","1,818.18","30-Nov-2016",""
"Joel Fitzgibbon","Representative","Hunter","New South Wales","Australian Labor Party","Office Administrative Costs","Printing and Communications","From 1 July 2016","","","","Distribution credit 1 Nov to 30 Nov 16","","","","-45.45","30-Nov-2016",""
"Joel Fitzgibbon","Representative","Hunter","New South Wales","Australian Labor Party","Office Administrative Costs","Printing and Communications","From 1 July 2016","","","","1 Printed item 11 Nov 16","","","","443.68","11-Nov-2016",""
"Joel Fitzgibbon","Representative","Hunter","New South Wales","Australian Labor Party","Office Administrative Costs","Printing and Communications","From 1 July 2016","","","","e-material 23 Nov to 24 Nov 16","","","","40.63","24-Nov-2016",""
"Joel Fitzgibbon","Representative","Hunter","New South Wales","Australian Labor Party","Office Administrative Costs","Printing and Communications","From 1 July 2016","","","","400 Printed items 24 Nov 16","","","","548.00","24-Nov-2016",""
"Joel Fitzgibbon","Representative","Hunter","New South Wales","Australian Labor Party","Office Administrative Costs","Printing and Communications","From 1 July 2016","","","","400 Personalised letterhead stationery 24 Nov 16","","","","193.00","24-Nov-2016",""
"Joel Fitzgibbon","Representative","Hunter","New South Wales","Australian Labor Party","Office Administrative Costs","Printing and Communications","From 1 July 2016","","","","2,000 Printed items 27 Nov 16","","","","2,544.00","27-Nov-2016",""
"Joel Fitzgibbon","Representative","Hunter","New South Wales","Australian Labor Party","Office Administrative Costs","Printing and Communications","From 1 July 2016","","","","e-material 28 Nov 16","","","","119.30","28-Nov-2016",""
"Joel Fitzgibbon","Representative","Hunter","New South Wales","Australian Labor Party","Office Administrative Costs","Printing and Communications","From 1 July 2016","","","","60,000 Printed items 2 Dec 16","","","","4,899.00","02-Dec-2016",""
"Joel Fitzgibbon","Representative","Hunter","New South Wales","Australian Labor Party","Office Administrative Costs","Printing and Communications","From 1 July 2016","","","","9,000 Printed items 2 Dec 16","","","","1,079.00","02-Dec-2016",""
"Joel Fitzgibbon","Representative","Hunter","New South Wales","Australian Labor Party","Office Administrative Costs","Printing and Communications","From 1 July 2016","","","","5,000 Personalised letterhead stationery 16 Dec 16","","","","1,087.00","16-Dec-2016",""
"Joel Fitzgibbon","Representative","Hunter","New South Wales","Australian Labor Party","Office Administrative Costs","Printing and Communications","Before 1 July 2016","","","","1 Printed item 1 Jul 15 to 30 Jun 16","","","","236.36","01-Jul-2015",""
"Joel Fitzgibbon","Representative","Hunter","New South Wales","Australian Labor Party","Office Administrative Costs","Printing and Communications","Before 1 July 2016","","","","e-material 28 May 16","","","","101.23","28-May-2016",""
"Joel Fitzgibbon","Representative","Hunter","New South Wales","Australian Labor Party","Office Administrative Costs","Printing and Communications","Before 1 July 2016","","","","Distribution 1 Jun to 30 Jun 16","","","","28,602.94","30-Jun-2016",""
"Joel Fitzgibbon","Representative","Hunter","New South Wales","Australian Labor Party","Office Administrative Costs","Printing and Communications","Before 1 July 2016","","","","e-material 8 Jun 16","","","","40.41","08-Jun-2016",""
"Joel Fitzgibbon","Representative","Hunter","New South Wales","Australian Labor Party","Office Administrative Costs","Printing and Communications","Before 1 July 2016","","","","e-material 22 Jun 16","","","","40.64","22-Jun-2016",""
"Joel Fitzgibbon","Representative","Hunter","New South Wales","Australian Labor Party","Office Administrative Costs","Printing and Communications","Before 1 July 2016","","","","e-material 22 Jun 16","","","","40.80","22-Jun-2016",""
"Joel Fitzgibbon","Representative","Hunter","New South Wales","Australian Labor Party","Office Administrative Costs","Printing and Communications","Before 1 July 2016","","","","1 Printed item 22 Jun 16","","","","1,500.00","22-Jun-2016",""
"Joel Fitzgibbon","Representative","Hunter","New South Wales","Australian Labor Party","Office Administrative Costs","Printing and Communications","Before 1 July 2016","","","","e-material 23 Jun 16","","","","40.78","23-Jun-2016",""
"Joel Fitzgibbon","Representative","Hunter","New South Wales","Australian Labor Party","Office Administrative Costs","Printing and Communications","Before 1 July 2016","","","","e-material 23 Jun 16","","","","40.33","23-Jun-2016",""
"Joel Fitzgibbon","Representative","Hunter","New South Wales","Australian Labor Party","Office Administrative Costs","Printing and Communications","Before 1 July 2016","","","","1 Printed item 23 Jun 16","","","","1,462.50","23-Jun-2016",""
"Joel Fitzgibbon","Representative","Hunter","New South Wales","Australian Labor Party","Office Administrative Costs","Printing and Communications","Before 1 July 2016","","","","e-material 24 Jun 16","","","","40.14","24-Jun-2016",""
"Joel Fitzgibbon","Representative","Hunter","New South Wales","Australian Labor Party","Office Administrative Costs","Printing and Communications","Before 1 July 2016","","","","e-material 24 Jun 16","","","","40.11","24-Jun-2016",""
"Joel Fitzgibbon","Representative","Hunter","New South Wales","Australian Labor Party","Office Administrative Costs","Printing and Communications","Before 1 July 2016","","","","1 Printed item 24 Jun 16","","","","456.36","24-Jun-2016",""
"Joel Fitzgibbon","Representative","Hunter","New South Wales","Australian Labor Party","Office Administrative Costs","Printing and Communications","Before 1 July 2016","","","","e-material 25 Jun 16","","","","40.07","25-Jun-2016",""
"Joel Fitzgibbon","Representative","Hunter","New South Wales","Australian Labor Party","Office Administrative Costs","Printing and Communications","Before 1 July 2016","","","","e-material 25 Jun 16","","","","40.00","25-Jun-2016",""
"Joel Fitzgibbon","Representative","Hunter","New South Wales","Australian Labor Party","Office Administrative Costs","Printing and Communications","Before 1 July 2016","","","","Printing 25 Jun 16","","","","300.00","25-Jun-2016",""
"Joel Fitzgibbon","Representative","Hunter","New South Wales","Australian Labor Party","Office Administrative Costs","Printing and Communications","Before 1 July 2016","","","","e-material 26 Jun 16","","","","40.78","26-Jun-2016",""
"Joel Fitzgibbon","Representative","Hunter","New South Wales","Australian Labor Party","Office Administrative Costs","Printing and Communications","Before 1 July 2016","","","","e-material 26 Jun 16","","","","40.01","26-Jun-2016",""
"Joel Fitzgibbon","Representative","Hunter","New South Wales","Australian Labor Party","Office Administrative Costs","Printing and Communications","Before 1 July 2016","","","","1 Printed item 28 Jun 16","","","","787.00","28-Jun-2016",""
"Joel Fitzgibbon","Representative","Hunter","New South Wales","Australian Labor Party","Office Administrative Costs","Printing and Communications","Before 1 July 2016","","","","e-material 29 Jun 16","","","","40.31","29-Jun-2016",""
"Joel Fitzgibbon","Representative","Hunter","New South Wales","Australian Labor Party","Office Administrative Costs","Printing and Communications","Before 1 July 2016","","","","e-material 29 Jun 16","","","","40.14","29-Jun-2016",""
"Joel Fitzgibbon","Representative","Hunter","New South Wales","Australian Labor Party","Office Administrative Costs","Printing and Communications","Before 1 July 2016","","","","1 Printed item 29 Jun 16","","","","562.04","29-Jun-2016",""
"Joel Fitzgibbon","Representative","Hunter","New South Wales","Australian Labor Party","Office Administrative Costs","Printing and Communications","Before 1 July 2016","","","","1 Printed item 29 Jun 16","","","","1,885.00","29-Jun-2016",""
"Joel Fitzgibbon","Representative","Hunter","New South Wales","Australian Labor Party","Office Administrative Costs","Printing and Communications","Before 1 July 2016","","","","1 Printed item 29 Jun 16","","","","427.27","29-Jun-2016",""
"Joel Fitzgibbon","Representative","Hunter","New South Wales","Australian Labor Party","Office Administrative Costs","Printing and Communications","Before 1 July 2016","","","","1 Printed item 29 Jun 16","","","","2,350.40","29-Jun-2016",""
"Joel Fitzgibbon","Representative","Hunter","New South Wales","Australian Labor Party","Office Administrative Costs","Printing and Communications","Before 1 July 2016","","","","1 Printed item 29 Jun 16","","","","635.90","29-Jun-2016",""
"Joel Fitzgibbon","Representative","Hunter","New South Wales","Australian Labor Party","Office Administrative Costs","Printing and Communications","Before 1 July 2016","","","","1 Printed item 30 Jun 16","","","","195.45","30-Jun-2016",""
"Joel Fitzgibbon","Representative","Hunter","New South Wales","Australian Labor Party","Office Administrative Costs","Publications","From 1 July 2016","","","","20 The Newcastle Herald 1 Aug to 28 Aug 16","","","","29.09","28-Aug-2016",""
"Joel Fitzgibbon","Representative","Hunter","New South Wales","Australian Labor Party","Office Administrative Costs","Publications","From 1 July 2016","","","","20 The Sydney Morning Herald 1 Aug to 28 Aug 16","","","","45.45","28-Aug-2016",""
"Joel Fitzgibbon","Representative","Hunter","New South Wales","Australian Labor Party","Office Administrative Costs","Publications","From 1 July 2016","","","","20 The Maitland Mercury 1 Aug to 28 Aug 16","","","","29.09","28-Aug-2016",""
"Joel Fitzgibbon","Representative","Hunter","New South Wales","Australian Labor Party","Office Administrative Costs","Publications","From 1 July 2016","","","","20 The Daily Telegraph 1 Aug to 28 Aug 16","","","","27.27","28-Aug-2016",""
"Joel Fitzgibbon","Representative","Hunter","New South Wales","Australian Labor Party","Office Administrative Costs","Publications","From 1 July 2016","","","","20 The Australian 1 Aug to 28 Aug 16","","","","49.09","28-Aug-2016",""
"Joel Fitzgibbon","Representative","Hunter","New South Wales","Australian Labor Party","Office Administrative Costs","Publications","From 1 July 2016","","","","Administrative fees 1 Aug to 28 Aug 16","","","","1.82","28-Aug-2016",""
"Joel Fitzgibbon","Representative","Hunter","New South Wales","Australian Labor Party","Office Administrative Costs","Publications","From 1 July 2016","","","","20 The Australian Financial Review 1 Aug to 28 Aug 16","","","","72.73","28-Aug-2016",""
"Joel Fitzgibbon","Representative","Hunter","New South Wales","Australian Labor Party","Office Administrative Costs","Publications","From 1 July 2016","","","","4 The Land 1 Aug to 28 Aug 16","","","","14.55","28-Aug-2016",""
"Joel Fitzgibbon","Representative","Hunter","New South Wales","Australian Labor Party","Office Administrative Costs","Publications","From 1 July 2016","","","","Administrative fees 1 Aug to 28 Aug 16","","","","10.91","28-Aug-2016",""
"Joel Fitzgibbon","Representative","Hunter","New South Wales","Australian Labor Party","Office Administrative Costs","Publications","From 1 July 2016","","","","20 The Newcastle Herald 1 Aug to 28 Aug 16","","","","29.09","28-Aug-2016",""
"Joel Fitzgibbon","Representative","Hunter","New South Wales","Australian Labor Party","Office Administrative Costs","Publications","From 1 July 2016","","","","4 The Daily Telegraph (Sat) 1 Aug to 28 Aug 16","","","","8.73","28-Aug-2016",""
"Joel Fitzgibbon","Representative","Hunter","New South Wales","Australian Labor Party","Office Administrative Costs","Publications","From 1 July 2016","","","","4 The Newcastle Herald (Sat) 1 Aug to 28 Aug 16","","","","8.00","28-Aug-2016",""
"Joel Fitzgibbon","Representative","Hunter","New South Wales","Australian Labor Party","Office Administrative Costs","Publications","From 1 July 2016","","","","4 The Sunday Telegraph 1 Aug to 28 Aug 16","","","","10.36","28-Aug-2016",""
"Joel Fitzgibbon","Representative","Hunter","New South Wales","Australian Labor Party","Office Administrative Costs","Publications","From 1 July 2016","","","","4 The Sun-Herald 1 Aug to 28 Aug 16","","","","10.91","28-Aug-2016",""
"Joel Fitzgibbon","Representative","Hunter","New South Wales","Australian Labor Party","Office Administrative Costs","Publications","From 1 July 2016","","","","4 The Sydney Morning Herald (Sat) 1 Aug to 28 Aug 16","","","","12.73","28-Aug-2016",""
"Joel Fitzgibbon","Representative","Hunter","New South Wales","Australian Labor Party","Office Administrative Costs","Publications","From 1 July 2016","","","","4 The Weekend Financial Review 1 Aug to 28 Aug 16","","","","14.55","28-Aug-2016",""
"Joel Fitzgibbon","Representative","Hunter","New South Wales","Australian Labor Party","Office Administrative Costs","Publications","From 1 July 2016","","","","4 The Weekend Australian 1 Aug to 28 Aug 16","","","","12.73","28-Aug-2016",""
"Joel Fitzgibbon","Representative","Hunter","New South Wales","Australian Labor Party","Office Administrative Costs","Publications","From 1 July 2016","","","","26 Muswellbrook Chronicle 26 Aug 16 to 25 Feb 17","","","","69.73","26-Aug-2016",""
"Joel Fitzgibbon","Representative","Hunter","New South Wales","Australian Labor Party","Office Administrative Costs","Publications","From 1 July 2016","","","","20 The Australian Financial Review 29 Aug to 25 Sep 16","","","","72.73","25-Sep-2016",""
"Joel Fitzgibbon","Representative","Hunter","New South Wales","Australian Labor Party","Office Administrative Costs","Publications","From 1 July 2016","","","","20 The Daily Telegraph 29 Aug to 25 Sep 16","","","","27.27","25-Sep-2016",""
"Joel Fitzgibbon","Representative","Hunter","New South Wales","Australian Labor Party","Office Administrative Costs","Publications","From 1 July 2016","","","","20 The Maitland Mercury 29 Aug to 25 Sep 16","","","","29.09","25-Sep-2016",""
"Joel Fitzgibbon","Representative","Hunter","New South Wales","Australian Labor Party","Office Administrative Costs","Publications","From 1 July 2016","","","","20 The Newcastle Herald 29 Aug to 25 Sep 16","","","","29.09","25-Sep-2016",""
"Joel Fitzgibbon","Representative","Hunter","New South Wales","Australian Labor Party","Office Administrative Costs","Publications","From 1 July 2016","","","","20 The Sydney Morning Herald 29 Aug to 25 Sep 16","","","","45.45","25-Sep-2016",""
"Joel Fitzgibbon","Representative","Hunter","New South Wales","Australian Labor Party","Office Administrative Costs","Publications","From 1 July 2016","","","","4 The Land 29 Aug to 25 Sep 16","","","","14.55","25-Sep-2016",""
"Joel Fitzgibbon","Representative","Hunter","New South Wales","Australian Labor Party","Office Administrative Costs","Publications","From 1 July 2016","","","","Administrative fees 29 Aug to 25 Sep 16","","","","1.82","25-Sep-2016",""
"Joel Fitzgibbon","Representative","Hunter","New South Wales","Australian Labor Party","Office Administrative Costs","Publications","From 1 July 2016","","","","20 The Australian 29 Aug to 25 Sep 16","","","","49.09","25-Sep-2016",""
"Joel Fitzgibbon","Representative","Hunter","New South Wales","Australian Labor Party","Office Administrative Costs","Publications","From 1 July 2016","","","","4 The Sunday Telegraph 29 Aug to 25 Sep 16","","","","10.91","25-Sep-2016",""
"Joel Fitzgibbon","Representative","Hunter","New South Wales","Australian Labor Party","Office Administrative Costs","Publications","From 1 July 2016","","","","Administrative fees 29 Aug to 25 Sep 16","","","","10.91","25-Sep-2016",""
"Joel Fitzgibbon","Representative","Hunter","New South Wales","Australian Labor Party","Office Administrative Costs","Publications","From 1 July 2016","","","","4 The Weekend Financial Review 29 Aug to 25 Sep 16","","","","14.55","25-Sep-2016",""
"Joel Fitzgibbon","Representative","Hunter","New South Wales","Australian Labor Party","Office Administrative Costs","Publications","From 1 July 2016","","","","4 The Weekend Australian 29 Aug to 25 Sep 16","","","","12.73","25-Sep-2016",""
"Joel Fitzgibbon","Representative","Hunter","New South Wales","Australian Labor Party","Office Administrative Costs","Publications","From 1 July 2016","","","","4 The Sydney Morning Herald (Sat) 29 Aug to 25 Sep 16","","","","12.73","25-Sep-2016",""
"Joel Fitzgibbon","Representative","Hunter","New South Wales","Australian Labor Party","Office Administrative Costs","Publications","From 1 July 2016","","","","4 The Sun-Herald 29 Aug to 25 Sep 16","","","","10.91","25-Sep-2016",""
"Joel Fitzgibbon","Representative","Hunter","New South Wales","Australian Labor Party","Office Administrative Costs","Publications","From 1 July 2016","","","","4 The Newcastle Herald (Sat) 29 Aug to 25 Sep 16","","","","8.00","25-Sep-2016",""
"Joel Fitzgibbon","Representative","Hunter","New South Wales","Australian Labor Party","Office Administrative Costs","Publications","From 1 July 2016","","","","4 The Daily Telegraph (Sat) 29 Aug to 25 Sep 16","","","","8.73","25-Sep-2016",""
"Joel Fitzgibbon","Representative","Hunter","New South Wales","Australian Labor Party","Office Administrative Costs","Publications","From 1 July 2016","","","","20 The Newcastle Herald 29 Aug to 25 Sep 16","","","","29.09","25-Sep-2016",""
"Joel Fitzgibbon","Representative","Hunter","New South Wales","Australian Labor Party","Office Administrative Costs","Publications","From 1 July 2016","","","","26 Hunter Valley News 31 Aug 16 to 28 Feb 17","","","","67.36","31-Aug-2016",""
"Joel Fitzgibbon","Representative","Hunter","New South Wales","Australian Labor Party","Office Administrative Costs","Publications","From 1 July 2016","","","","25 The Daily Telegraph 26 Sep to 30 Oct 16","","","","34.09","30-Oct-2016",""
"Joel Fitzgibbon","Representative","Hunter","New South Wales","Australian Labor Party","Office Administrative Costs","Publications","From 1 July 2016","","","","10 The Sydney Morning Herald 26 Sep to 30 Oct 16","","","","22.73","30-Oct-2016",""
"Joel Fitzgibbon","Representative","Hunter","New South Wales","Australian Labor Party","Office Administrative Costs","Publications","From 1 July 2016","","","","5 The Land 26 Sep to 30 Oct 16","","","","18.18","30-Oct-2016",""
"Joel Fitzgibbon","Representative","Hunter","New South Wales","Australian Labor Party","Office Administrative Costs","Publications","From 1 July 2016","","","","25 The Newcastle Herald 26 Sep to 30 Oct 16","","","","36.36","30-Oct-2016",""
"Joel Fitzgibbon","Representative","Hunter","New South Wales","Australian Labor Party","Office Administrative Costs","Publications","From 1 July 2016","","","","25 The Maitland Mercury 26 Sep to 30 Oct 16","","","","36.36","30-Oct-2016",""
"Joel Fitzgibbon","Representative","Hunter","New South Wales","Australian Labor Party","Office Administrative Costs","Publications","From 1 July 2016","","","","25 The Australian Financial Review 26 Sep to 30 Oct 16","","","","90.91","30-Oct-2016",""
"Joel Fitzgibbon","Representative","Hunter","New South Wales","Australian Labor Party","Office Administrative Costs","Publications","From 1 July 2016","","","","25 The Australian 26 Sep to 30 Oct 16","","","","61.36","30-Oct-2016",""
"Joel Fitzgibbon","Representative","Hunter","New South Wales","Australian Labor Party","Office Administrative Costs","Publications","From 1 July 2016","","","","15 The Sydney Morning Herald 26 Sep to 30 Oct 16","","","","38.18","30-Oct-2016",""
"Joel Fitzgibbon","Representative","Hunter","New South Wales","Australian Labor Party","Office Administrative Costs","Publications","From 1 July 2016","","","","Administrative fees 26 Sep to 30 Oct 16","","","","1.82","30-Oct-2016",""
"Joel Fitzgibbon","Representative","Hunter","New South Wales","Australian Labor Party","Office Administrative Costs","Publications","From 1 July 2016","","","","Administrative fees 26 Sep to 30 Oct 16","","","","13.18","30-Oct-2016",""
"Joel Fitzgibbon","Representative","Hunter","New South Wales","Australian Labor Party","Office Administrative Costs","Publications","From 1 July 2016","","","","5 The Weekend Financial Review 26 Sep to 30 Oct 16","","","","18.18","30-Oct-2016",""
"Joel Fitzgibbon","Representative","Hunter","New South Wales","Australian Labor Party","Office Administrative Costs","Publications","From 1 July 2016","","","","5 The Sunday Telegraph 26 Sep to 30 Oct 16","","","","13.64","30-Oct-2016",""
"Joel Fitzgibbon","Representative","Hunter","New South Wales","Australian Labor Party","Office Administrative Costs","Publications","From 1 July 2016","","","","25 The Newcastle Herald 26 Sep to 30 Oct 16","","","","36.36","30-Oct-2016",""
"Joel Fitzgibbon","Representative","Hunter","New South Wales","Australian Labor Party","Office Administrative Costs","Publications","From 1 July 2016","","","","3 The Sun-Herald 26 Sep to 30 Oct 16","","","","9.00","30-Oct-2016",""
"Joel Fitzgibbon","Representative","Hunter","New South Wales","Australian Labor Party","Office Administrative Costs","Publications","From 1 July 2016","","","","3 The Sydney Morning Herald (Sat) 26 Sep to 30 Oct 16","","","","10.36","30-Oct-2016",""
"Joel Fitzgibbon","Representative","Hunter","New South Wales","Australian Labor Party","Office Administrative Costs","Publications","From 1 July 2016","","","","5 The Weekend Australian 26 Sep to 30 Oct 16","","","","15.91","30-Oct-2016",""
"Joel Fitzgibbon","Representative","Hunter","New South Wales","Australian Labor Party","Office Administrative Costs","Publications","From 1 July 2016","","","","2 The Sydney Morning Herald (Sat) 26 Sep to 30 Oct 16","","","","6.36","30-Oct-2016",""
"Joel Fitzgibbon","Representative","Hunter","New South Wales","Australian Labor Party","Office Administrative Costs","Publications","From 1 July 2016","","","","5 The Newcastle Herald (Sat) 26 Sep to 30 Oct 16","","","","10.00","30-Oct-2016",""
"Joel Fitzgibbon","Representative","Hunter","New South Wales","Australian Labor Party","Office Administrative Costs","Publications","From 1 July 2016","","","","5 The Daily Telegraph (Sat) 26 Sep to 30 Oct 16","","","","10.91","30-Oct-2016",""
"Joel Fitzgibbon","Representative","Hunter","New South Wales","Australian Labor Party","Office Administrative Costs","Publications","From 1 July 2016","","","","2 The Sun-Herald 26 Sep to 30 Oct 16","","","","5.45","30-Oct-2016",""
"Joel Fitzgibbon","Representative","Hunter","New South Wales","Australian Labor Party","Office Administrative Costs","Publications","From 1 July 2016","","","","20 The Daily Telegraph 31 Oct to 27 Nov 16","","","","27.27","27-Nov-2016",""
"Joel Fitzgibbon","Representative","Hunter","New South Wales","Australian Labor Party","Office Administrative Costs","Publications","From 1 July 2016","","","","20 The Maitland Mercury 31 Oct to 27 Nov 16","","","","29.09","27-Nov-2016",""
"Joel Fitzgibbon","Representative","Hunter","New South Wales","Australian Labor Party","Office Administrative Costs","Publications","From 1 July 2016","","","","20 The Sydney Morning Herald 31 Oct to 27 Nov 16","","","","50.91","27-Nov-2016",""
"Joel Fitzgibbon","Representative","Hunter","New South Wales","Australian Labor Party","Office Administrative Costs","Publications","From 1 July 2016","","","","4 The Land 31 Oct to 27 Nov 16","","","","14.55","27-Nov-2016",""
"Joel Fitzgibbon","Representative","Hunter","New South Wales","Australian Labor Party","Office Administrative Costs","Publications","From 1 July 2016","","","","Administrative fees 31 Oct to 27 Nov 16","","","","1.82","27-Nov-2016",""
"Joel Fitzgibbon","Representative","Hunter","New South Wales","Australian Labor Party","Office Administrative Costs","Publications","From 1 July 2016","","","","20 The Australian 31 Oct to 27 Nov 16","","","","49.09","27-Nov-2016",""
"Joel Fitzgibbon","Representative","Hunter","New South Wales","Australian Labor Party","Office Administrative Costs","Publications","From 1 July 2016","","","","20 The Newcastle Herald 31 Oct to 27 Nov 16","","","","29.09","27-Nov-2016",""
"Joel Fitzgibbon","Representative","Hunter","New South Wales","Australian Labor Party","Office Administrative Costs","Publications","From 1 July 2016","","","","20 The Australian Financial Review 31 Oct to 27 Nov 16","","","","72.73","27-Nov-2016",""
"Joel Fitzgibbon","Representative","Hunter","New South Wales","Australian Labor Party","Office Administrative Costs","Publications","From 1 July 2016","","","","4 The Sydney Morning Herald (Sat) 31 Oct to 27 Nov 16","","","","13.82","27-Nov-2016",""
"Joel Fitzgibbon","Representative","Hunter","New South Wales","Australian Labor Party","Office Administrative Costs","Publications","From 1 July 2016","","","","4 The Newcastle Herald (Sat) 31 Oct to 27 Nov 16","","","","8.00","27-Nov-2016",""
"Joel Fitzgibbon","Representative","Hunter","New South Wales","Australian Labor Party","Office Administrative Costs","Publications","From 1 July 2016","","","","4 The Weekend Financial Review 31 Oct to 27 Nov 16","","","","14.55","27-Nov-2016",""
"Joel Fitzgibbon","Representative","Hunter","New South Wales","Australian Labor Party","Office Administrative Costs","Publications","From 1 July 2016","","","","4 The Sun-Herald 31 Oct to 27 Nov 16","","","","12.00","27-Nov-2016",""
"Joel Fitzgibbon","Representative","Hunter","New South Wales","Australian Labor Party","Office Administrative Costs","Publications","From 1 July 2016","","","","4 The Daily Telegraph (Sat) 31 Oct to 27 Nov 16","","","","8.73","27-Nov-2016",""
"Joel Fitzgibbon","Representative","Hunter","New South Wales","Australian Labor Party","Office Administrative Costs","Publications","From 1 July 2016","","","","20 The Newcastle Herald 31 Oct to 27 Nov 16","","","","29.09","27-Nov-2016",""
"Joel Fitzgibbon","Representative","Hunter","New South Wales","Australian Labor Party","Office Administrative Costs","Publications","From 1 July 2016","","","","Refund of publications 31 Oct to 27 Nov 16","","","","-1.82","27-Nov-2016",""
"Joel Fitzgibbon","Representative","Hunter","New South Wales","Australian Labor Party","Office Administrative Costs","Publications","From 1 July 2016","","","","4 The Sunday Telegraph 31 Oct to 27 Nov 16","","","","10.91","27-Nov-2016",""
"Joel Fitzgibbon","Representative","Hunter","New South Wales","Australian Labor Party","Office Administrative Costs","Publications","From 1 July 2016","","","","Administrative fees 31 Oct to 27 Nov 16","","","","10.91","27-Nov-2016",""
"Joel Fitzgibbon","Representative","Hunter","New South Wales","Australian Labor Party","Office Administrative Costs","Publications","From 1 July 2016","","","","4 The Weekend Australian 31 Oct to 27 Nov 16","","","","12.73","27-Nov-2016",""
"Joel Fitzgibbon","Representative","Hunter","New South Wales","Australian Labor Party","Office Administrative Costs","Publications","Before 1 July 2016","","","","4 The Newcastle Herald (Sat) 30 May to 26 Jun 16","","","","8.00","26-Jun-2016",""
"Joel Fitzgibbon","Representative","Hunter","New South Wales","Australian Labor Party","Office Administrative Costs","Publications","Before 1 July 2016","","","","20 The Newcastle Herald 30 May to 26 Jun 16","","","","29.09","26-Jun-2016",""
"Joel Fitzgibbon","Representative","Hunter","New South Wales","Australian Labor Party","Office Administrative Costs","Publications","Before 1 July 2016","","","","4 The Daily Telegraph (Sat) 30 May to 26 Jun 16","","","","8.00","26-Jun-2016",""
"Joel Fitzgibbon","Representative","Hunter","New South Wales","Australian Labor Party","Office Administrative Costs","Publications","Before 1 July 2016","","","","Administrative fees 30 May to 26 Jun 16","","","","10.91","26-Jun-2016",""
"Joel Fitzgibbon","Representative","Hunter","New South Wales","Australian Labor Party","Office Administrative Costs","Publications","Before 1 July 2016","","","","4 The Weekend Financial Review 30 May to 26 Jun 16","","","","14.55","26-Jun-2016",""
"Joel Fitzgibbon","Representative","Hunter","New South Wales","Australian Labor Party","Office Administrative Costs","Publications","Before 1 July 2016","","","","4 The Weekend Australian 30 May to 26 Jun 16","","","","12.73","26-Jun-2016",""
"Joel Fitzgibbon","Representative","Hunter","New South Wales","Australian Labor Party","Office Administrative Costs","Publications","Before 1 July 2016","","","","4 The Sydney Morning Herald (Sat) 30 May to 26 Jun 16","","","","12.73","26-Jun-2016",""
"Joel Fitzgibbon","Representative","Hunter","New South Wales","Australian Labor Party","Office Administrative Costs","Publications","Before 1 July 2016","","","","4 The Sun-Herald 30 May to 26 Jun 16","","","","10.91","26-Jun-2016",""
"Joel Fitzgibbon","Representative","Hunter","New South Wales","Australian Labor Party","Office Administrative Costs","Publications","Before 1 July 2016","","","","4 The Sunday Telegraph 30 May to 26 Jun 16","","","","10.18","26-Jun-2016",""
"Joel Fitzgibbon","Representative","Hunter","New South Wales","Australian Labor Party","Office Administrative Costs","Publications","Before 1 July 2016","","","","20 The Australian 30 May to 26 Jun 16","","","","49.09","26-Jun-2016",""
"Joel Fitzgibbon","Representative","Hunter","New South Wales","Australian Labor Party","Office Administrative Costs","Publications","Before 1 July 2016","","","","20 The Australian Financial Review 30 May to 26 Jun 16","","","","72.73","26-Jun-2016",""
"Joel Fitzgibbon","Representative","Hunter","New South Wales","Australian Labor Party","Office Administrative Costs","Publications","Before 1 July 2016","","","","4 The Land 30 May to 26 Jun 16","","","","14.55","26-Jun-2016",""
"Joel Fitzgibbon","Representative","Hunter","New South Wales","Australian Labor Party","Office Administrative Costs","Publications","Before 1 July 2016","","","","20 The Sydney Morning Herald 30 May to 26 Jun 16","","","","45.45","26-Jun-2016",""
"Joel Fitzgibbon","Representative","Hunter","New South Wales","Australian Labor Party","Office Administrative Costs","Publications","Before 1 July 2016","","","","20 The Newcastle Herald 30 May to 26 Jun 16","","","","29.09","26-Jun-2016",""
"Joel Fitzgibbon","Representative","Hunter","New South Wales","Australian Labor Party","Office Administrative Costs","Publications","Before 1 July 2016","","","","20 The Maitland Mercury 30 May to 26 Jun 16","","","","29.09","26-Jun-2016",""
"Joel Fitzgibbon","Representative","Hunter","New South Wales","Australian Labor Party","Office Administrative Costs","Publications","Before 1 July 2016","","","","20 The Daily Telegraph 30 May to 26 Jun 16","","","","27.27","26-Jun-2016",""
"Joel Fitzgibbon","Representative","Hunter","New South Wales","Australian Labor Party","Office Administrative Costs","Publications","Before 1 July 2016","","","","Administrative fees 30 May to 26 Jun 16","","","","1.82","26-Jun-2016",""
"Joel Fitzgibbon","Representative","Hunter","New South Wales","Australian Labor Party","Office Administrative Costs","Publications","Before 1 July 2016","","","","25 The Newcastle Herald 27 Jun to 31 Jul 16","","","","36.36","31-Jul-2016",""
"Joel Fitzgibbon","Representative","Hunter","New South Wales","Australian Labor Party","Office Administrative Costs","Publications","Before 1 July 2016","","","","Administrative fees 27 Jun to 31 Jul 16","","","","13.18","31-Jul-2016",""
"Joel Fitzgibbon","Representative","Hunter","New South Wales","Australian Labor Party","Office Administrative Costs","Publications","Before 1 July 2016","","","","5 The Weekend Financial Review 27 Jun to 31 Jul 16","","","","18.18","31-Jul-2016",""
"Joel Fitzgibbon","Representative","Hunter","New South Wales","Australian Labor Party","Office Administrative Costs","Publications","Before 1 July 2016","","","","5 The Weekend Australian 27 Jun to 31 Jul 16","","","","15.91","31-Jul-2016",""
"Joel Fitzgibbon","Representative","Hunter","New South Wales","Australian Labor Party","Office Administrative Costs","Publications","Before 1 July 2016","","","","5 The Sydney Morning Herald (Sat) 27 Jun to 31 Jul 16","","","","15.91","31-Jul-2016",""
"Joel Fitzgibbon","Representative","Hunter","New South Wales","Australian Labor Party","Office Administrative Costs","Publications","Before 1 July 2016","","","","5 The Sun-Herald 27 Jun to 31 Jul 16","","","","13.64","31-Jul-2016",""
"Joel Fitzgibbon","Representative","Hunter","New South Wales","Australian Labor Party","Office Administrative Costs","Publications","Before 1 July 2016","","","","5 The Sunday Telegraph 27 Jun to 31 Jul 16","","","","12.73","31-Jul-2016",""
"Joel Fitzgibbon","Representative","Hunter","New South Wales","Australian Labor Party","Office Administrative Costs","Publications","Before 1 July 2016","","","","3 The Daily Telegraph (Sat) 27 Jun to 31 Jul 16","","","","6.00","31-Jul-2016",""
"Joel Fitzgibbon","Representative","Hunter","New South Wales","Australian Labor Party","Office Administrative Costs","Publications","Before 1 July 2016","","","","2 The Daily Telegraph (Sat) 27 Jun to 31 Jul 16","","","","4.36","31-Jul-2016",""
"Joel Fitzgibbon","Representative","Hunter","New South Wales","Australian Labor Party","Office Administrative Costs","Publications","Before 1 July 2016","","","","5 The Newcastle Herald (Sat) 27 Jun to 31 Jul 16","","","","10.00","31-Jul-2016",""
"Joel Fitzgibbon","Representative","Hunter","New South Wales","Australian Labor Party","Office Administrative Costs","Publications","Before 1 July 2016","","","","25 The Daily Telegraph 27 Jun to 31 Jul 16","","","","34.09","31-Jul-2016",""
"Joel Fitzgibbon","Representative","Hunter","New South Wales","Australian Labor Party","Office Administrative Costs","Publications","Before 1 July 2016","","","","25 The Maitland Mercury 27 Jun to 31 Jul 16","","","","36.36","31-Jul-2016",""
"Joel Fitzgibbon","Representative","Hunter","New South Wales","Australian Labor Party","Office Administrative Costs","Publications","Before 1 July 2016","","","","25 The Newcastle Herald 27 Jun to 31 Jul 16","","","","36.36","31-Jul-2016",""
"Joel Fitzgibbon","Representative","Hunter","New South Wales","Australian Labor Party","Office Administrative Costs","Publications","Before 1 July 2016","","","","5 The Land 27 Jun to 31 Jul 16","","","","18.18","31-Jul-2016",""
"Joel Fitzgibbon","Representative","Hunter","New South Wales","Australian Labor Party","Office Administrative Costs","Publications","Before 1 July 2016","","","","Administrative fees 27 Jun to 31 Jul 16","","","","1.82","31-Jul-2016",""
"Joel Fitzgibbon","Representative","Hunter","New South Wales","Australian Labor Party","Office Administrative Costs","Publications","Before 1 July 2016","","","","25 The Australian 27 Jun to 31 Jul 16","","","","61.36","31-Jul-2016",""
"Joel Fitzgibbon","Representative","Hunter","New South Wales","Australian Labor Party","Office Administrative Costs","Publications","Before 1 July 2016","","","","25 The Sydney Morning Herald 27 Jun to 31 Jul 16","","","","56.82","31-Jul-2016",""
"Joel Fitzgibbon","Representative","Hunter","New South Wales","Australian Labor Party","Office Administrative Costs","Publications","Before 1 July 2016","","","","25 The Australian Financial Review 27 Jun to 31 Jul 16","","","","90.91","31-Jul-2016",""
"Joel Fitzgibbon","Representative","Hunter","New South Wales","Australian Labor Party","Telecommunications","Telecommunications - Usage","From 1 July 2016","","","","Office phones 9 Jul 16","","","","546.14","09-Jul-2016",""
"Joel Fitzgibbon","Representative","Hunter","New South Wales","Australian Labor Party","Telecommunications","Telecommunications - Usage","From 1 July 2016","","","","Office fax 9 Jul 16","","","","82.41","09-Jul-2016",""
"Joel Fitzgibbon","Representative","Hunter","New South Wales","Australian Labor Party","Telecommunications","Telecommunications - Usage","From 1 July 2016","","","","Office phones 9 Aug 16","","","","323.06","09-Aug-2016",""
"Joel Fitzgibbon","Representative","Hunter","New South Wales","Australian Labor Party","Telecommunications","Telecommunications - Usage","From 1 July 2016","","","","Office fax 9 Aug 16","","","","75.70","09-Aug-2016",""
"Joel Fitzgibbon","Representative","Hunter","New South Wales","Australian Labor Party","Telecommunications","Telecommunications - Usage","From 1 July 2016","","","","Office phones 9 Sep 16","","","","380.50","09-Sep-2016",""
"Joel Fitzgibbon","Representative","Hunter","New South Wales","Australian Labor Party","Telecommunications","Telecommunications - Usage","From 1 July 2016","","","","Office fax 9 Sep 16","","","","79.75","09-Sep-2016",""
"Joel Fitzgibbon","Representative","Hunter","New South Wales","Australian Labor Party","Telecommunications","Telecommunications - Usage","From 1 July 2016","","","","Office phones 9 Oct 16","","","","316.36","09-Oct-2016",""
"Joel Fitzgibbon","Representative","Hunter","New South Wales","Australian Labor Party","Telecommunications","Telecommunications - Usage","From 1 July 2016","","","","Office fax 9 Oct 16","","","","78.36","09-Oct-2016",""
"Joel Fitzgibbon","Representative","Hunter","New South Wales","Australian Labor Party","Telecommunications","Telecommunications - Usage","From 1 July 2016","","","","Office phones 9 Nov 16","","","","336.21","09-Nov-2016",""
"Joel Fitzgibbon","Representative","Hunter","New South Wales","Australian Labor Party","Telecommunications","Telecommunications - Usage","From 1 July 2016","","","","Office fax 9 Nov 16","","","","81.95","09-Nov-2016",""
"Joel Fitzgibbon","Representative","Hunter","New South Wales","Australian Labor Party","Telecommunications","Telecommunications - Residential - Official","From 1 July 2016","","","","Dedicated data line 2 Jul 16","","","","63.59","02-Jul-2016",""
"Joel Fitzgibbon","Representative","Hunter","New South Wales","Australian Labor Party","Telecommunications","Telecommunications - Residential - Official","From 1 July 2016","","","","Residential phones 5 Jul 16","","","","80.38","05-Jul-2016",""
"Joel Fitzgibbon","Representative","Hunter","New South Wales","Australian Labor Party","Telecommunications","Telecommunications - Residential - Official","From 1 July 2016","","","","Dedicated data line 1 Aug 16","","","","64.20","01-Aug-2016",""
"Joel Fitzgibbon","Representative","Hunter","New South Wales","Australian Labor Party","Telecommunications","Telecommunications - Residential - Official","From 1 July 2016","","","","ADSL modem 3 Aug 16","","","","165.00","03-Aug-2016",""
"Joel Fitzgibbon","Representative","Hunter","New South Wales","Australian Labor Party","Telecommunications","Telecommunications - Residential - Official","From 1 July 2016","","","","Residential phones 5 Aug 16","","","","81.15","05-Aug-2016",""
"Joel Fitzgibbon","Representative","Hunter","New South Wales","Australian Labor Party","Telecommunications","Telecommunications - Residential - Official","From 1 July 2016","","","","Dedicated data line 1 Sep 16","","","","63.59","01-Sep-2016",""
"Joel Fitzgibbon","Representative","Hunter","New South Wales","Australian Labor Party","Telecommunications","Telecommunications - Residential - Official","From 1 July 2016","","","","Residential phones 5 Sep 16","","","","81.13","05-Sep-2016",""
"Joel Fitzgibbon","Representative","Hunter","New South Wales","Australian Labor Party","Telecommunications","Telecommunications - Residential - Official","From 1 July 2016","","","","Dedicated data line 2 Oct 16","","","","63.59","02-Oct-2016",""
"Joel Fitzgibbon","Representative","Hunter","New South Wales","Australian Labor Party","Telecommunications","Telecommunications - Residential - Official","From 1 July 2016","","","","Residential phones 5 Oct 16","","","","79.86","05-Oct-2016",""
"Joel Fitzgibbon","Representative","Hunter","New South Wales","Australian Labor Party","Telecommunications","Telecommunications - Residential - Official","From 1 July 2016","","","","Dedicated data line 1 Nov 16","","","","63.59","01-Nov-2016",""
"Joel Fitzgibbon","Representative","Hunter","New South Wales","Australian Labor Party","Telecommunications","Telecommunications - Residential - Official","From 1 July 2016","","","","Residential phones 5 Nov 16","","","","78.45","05-Nov-2016",""
"Joel Fitzgibbon","Representative","Hunter","New South Wales","Australian Labor Party","Telecommunications","Telecommunications - Residential - Official","From 1 July 2016","","","","Dedicated data line 2 Dec 16","","","","63.59","02-Dec-2016",""
"Joel Fitzgibbon","Representative","Hunter","New South Wales","Australian Labor Party","Telecommunications","Telecommunications - Residential - Official","From 1 July 2016","","","","Residential phones 5 Dec 16","","","","81.34","05-Dec-2016",""
